[
  {
    "title": "Battle Born Batteries Lithium-Ion (LiFePO4) Deep Cycle 12V Battery 100Ah – Safe & Powerful Drop-In Replacement for RV, Van, Marine, Off-Grid – Cylindrical Cells, Internal BMS",
    "current_price": "$795.00",
    "list_price": "$925.00",
    "average_price": "$913.45",
    "category": "automotive",
    "badge": "Best Price",
    "link": "https://camelcamelcamel.com/product/B06XX197GJ?active=price_amazon&context=popular",
    "camel_img": "https://m.media-amazon.com/images/I/41Wfa246AML._UL320_.jpg",
    "amazon_title": "Battle Born Batteries Lithium-Ion (LiFePO4) Deep Cycle 12V Battery 100Ah – Safe & Powerful Drop-In Replacement for RV, Van, Marine, Off-Grid – Cylindrical Cells, Internal BMS",
    "amazon_link": "https://www.amazon.com/dp/B06XX197GJ",
    "img": "https://m.media-amazon.com/images/I/81cdoSG5TlL.__AC_SX300_SY300_QL70_FMwebp_.jpg",
    "description": "Product Description\nBattle Born Batteries Lithium-Ion (LiFePO4) Deep Cycle 12V Battery 100Ah Battle Born Batteries Lithium-Ion (LiFePO4) Deep Cycle 12V Battery 100Ah GC2 Battle Born Batteries Lithium-Ion (LiFePO4) Deep Cycle 24V Battery 50Ah Battle Born Batteries Lithium-Ion (LiFePO4) Deep Cycle 12V Battery 270Ah GC3 Battle Born Batteries Lithium-Ion (LiFePO4) Deep Cycle 12V Battery 100Ah Heated Battle Born Batteries Lithium-Ion Deep Cycle 12V Battery 100Ah GC2 Heated\nRV Battery ✓ ✓ ✓ ✓ ✓ ✓\nVan Battery ✓ ✓ ✓ ✓ ✓ ✓\nMarine Battery ✓ ✓ ✓ ✓ ✓ ✓\nOff Grid Battery ✓ ✓ ✓ ✓ ✓ ✓\nMade with Cylindrical Cells ✓ ✓ ✓ ✓ ✓ ✓\nAmp Hours 100Ah 100Ah 50Ah 270Ah 100Ah 100Ah\nVoltage 12V 12V 24V 12V 12V 12V\nInternally Heated ✓ ✓\nWeight 31 lbs 31 lbs 31 lbs 80.8 lbs 31 lbs 31 lbs\nDimensions 12.76 × 6.86 × 8.95 in 10.31 × 7.28 × 11.02 in 12.75 × 6.87 × 9 in 22.83 × 7.09 × 13.15 in 12.76 × 6.86 × 8.95 in 10.31 × 7.28 × 11.02 in",
    "features": "Up to a Decade of Use - Enjoy superb return on your investment with this heavy duty 100Ah 12V LiFePO4 battery! This 100Ah 12V lithium battery lasts 3,000 - 5,000 deep discharge cycles, providing up to 10-15 years of power.\nBuilt for Rugged Adventures - Our fast-charging LiFePO4 100Ah 12V batteries are the perfect camper, van, boat, trolling motor, and lithium RV battery. Battle Born Batteries are also made to power industrial, off-grid, and residential backup applications. Let Battle Born’s deep cycle off grid batteries power your adventures!\nDesigned for Versatility - This eco-conscious and lightweight Battle Born Lithium 100Ah 12V battery can be wired in series or parallel. And because it is designed with safety in mind and doesn't contain any acid, it can be safely mounted in any orientation.\nInternal Protection - With a built-in Battery Management System (BMS), Battle Born lithium batteries are well-protected against extreme hot and cold temperatures, high and low voltages, short circuits, and other common causes of battery failure.\nQuality You Can Trust – Our cutting-edge facilities are headquartered in Reno, Nevada, the lithium capital of North America. With on-site assembly Battle Born Batteries’ 12V lithium batteries are trusted by customers, celebrities, and top YouTubers, and come with a 10-year warranty and lifetime technical support.\n› See more product details",
    "lowest_price_date": "Nov 17, 2023",
    "lowest_price": "$795.00",
    "highest_price_date": "Jul 13, 2023",
    "highest_price": "$1,123.50",
    "current_price_date": "Nov 17, 2023"
  },
  {
    "title": "Dorman 601-731 Cruise Control Distance Sensor Compatible with Select Ford Models",
    "current_price": "$548.32",
    "list_price": "$983.20",
    "average_price": "$865.37",
    "category": "automotive",
    "badge": "Best Price",
    "link": "https://camelcamelcamel.com/product/B08V3CNWZH?active=price_amazon&context=popular",
    "camel_img": "https://m.media-amazon.com/images/I/31J0ocdUf3L._UL320_.jpg",
    "amazon_title": "Dorman 601-731 Cruise Control Distance Sensor Compatible with Select Ford Models",
    "amazon_link": "https://www.amazon.com/dp/B08V3CNWZH",
    "img": "https://m.media-amazon.com/images/I/71-K-cX3IQL.__AC_SY300_SX300_QL70_FMwebp_.jpg",
    "description": "This cruise control distance sensor is designed to match the fit and function of the original sensor on specified vehicles, and is engineered for durability and reliable performance. This part is compatible with the following vehicles. Before purchasing, enter your vehicle trim in the garage tool to confirm fitment. [Ford Explorer: 2016, 2017, 2018, 2019]",
    "features": "Direct replacement - this cruise control distance sensor is designed to match the fit and function of the original sensor on specified vehicles\nRestores functionality - reliable replacement for an original part that has failed from an electrical malfunction or collision\nDurable construction - this part is made from quality materials to ensure reliable performance and long service life\nTrustworthy quality - backed by team of product experts in the United States and more than a century of automotive experience\nEnsure fit - to make sure this part fits your exact vehicle, input your make, model and trim level into the garage tool\n› See more product details",
    "lowest_price_date": "Nov 17, 2023",
    "lowest_price": "$548.32",
    "highest_price_date": "Nov 15, 2023",
    "highest_price": "$1,191.99",
    "current_price_date": "Nov 17, 2023"
  },
  {
    "title": "SubZero 80052 52\" Extension Quick-Release Handle Ice Scraper and Pivoting Snow Broom (Colors May Vary)",
    "current_price": "$18.98",
    "list_price": "$22.19",
    "average_price": "$21.61",
    "category": "automotive",
    "badge": "",
    "link": "https://camelcamelcamel.com/product/B0006SNLN4?active=price_amazon&context=popular",
    "amazon_title": "SubZero 80052 52\" Extension Quick-Release Handle Ice Scraper and Pivoting Snow Broom (Colors May Vary)",
    "amazon_link": "https://www.amazon.com/dp/B0006SNLN4",
    "img": "https://m.media-amazon.com/images/I/61BDr+xo+CL._AC_SY300_SX300_.jpg",
    "description": "For over forty years Hopkins Manufacturing and Subzero have shaped the winter snow and ice tools category. The wide blades on our ice scrapers clear away frost with fewer strokes and less effort, and the powerful ice chippers break up the thickest ice of the season. Our snowbrooms are capable of pushing the wettest, deepest snow from your entire vehicle. Hopkins 52\" Quick-Lock snowbroom has all the features needed to withstand the toughest winter weather. The strong aluminum pole is lightweight and easy to use, with a durable ABS blade, and broom head paired with a squeegee rotates 180 degrees to clear snow off at any angle. Colors may vary.",
    "features": "Quick lock extension pole reaches 52\"\nExtra wide 4.5\" scraper blade\nPivoting soft bristle snowbroom and squeegee\nGreat for trucks, SUV's and RV's\n2 soft grips allow for comfort while using, colors may vary",
    "lowest_price_date": "Oct 15, 2010",
    "lowest_price": "$14.10",
    "highest_price_date": "Mar 04, 2021",
    "highest_price": "$22.48",
    "current_price_date": "Nov 14, 2023"
  },
  {
    "title": "Mallory USA Mallory 532 Cool-Force 26” Snowbrush with Ice Scraper for Car, 1 Pack",
    "current_price": "$11.65",
    "list_price": "$12.69",
    "average_price": "$9.54",
    "category": "automotive",
    "badge": "",
    "link": "https://camelcamelcamel.com/product/B000BPLNXC?active=price_amazon&context=popular",
    "amazon_title": "Mallory USA Mallory 532 Cool-Force 26” Snowbrush with Ice Scraper for Car, 1 Pack",
    "amazon_link": "https://www.amazon.com/dp/B000BPLNXC",
    "img": "https://m.media-amazon.com/images/I/610zjqKtLDL.__AC_SX300_SY300_QL70_FMwebp_.jpg",
    "description": "The Mallory 26\" Cool Snow Tool is one of the most popular snow brushes on the market today. Its compact design and lightweight body make it easy to store and use. Featuring an extra-wide scraper and a two-tone comfort grip, this brush provides every tool needed to clear your vehicle of ice and snow.",
    "features": "26\" long for ample reach and compact storage\nFeatures four rows of sturdy bristles\nFast Scraping: 4\" chisel ice scarper blade makes for quick front and ice removal\nComfort & Control: Contoured foam grip great for gloves or bare hands to keep you warm and give greater control brushing\nColors may vary. Like receiving a gift, be surprised by which color you receive\nBuilt Tough: Have a problem - Our product comes with a 90-day warranty",
    "lowest_price_date": "Feb 02, 2009",
    "lowest_price": "$3.58",
    "highest_price_date": "Dec 22, 2016",
    "highest_price": "$14.10",
    "current_price_date": "Oct 06, 2023"
  },
  {
    "title": "Subzero Hopkins 16621 Ice Crusher Ice Scraper (Colors May Vary)",
    "current_price": "$8.13",
    "list_price": "$7.64",
    "average_price": "$8.19",
    "category": "automotive",
    "badge": "",
    "link": "https://camelcamelcamel.com/product/B001DKO3X6?active=price_amazon&context=popular",
    "amazon_title": "Subzero Hopkins 16621 Ice Crusher Ice Scraper (Colors May Vary)",
    "amazon_link": "https://www.amazon.com/dp/B001DKO3X6",
    "img": "https://m.media-amazon.com/images/I/81-37dWQsXL.__AC_SX300_SY300_QL70_FMwebp_.jpg",
    "description": "The SubZero 11\" Ice Crusher Scraper features strong scarper blades, ice chipper and a foam cushioned grip for handling. The scraper is equipped with a blade that clears frost instantly on one end and a separate ice chipper on the other end that improves ice removal capability. The oval shaped foam grip also provides maximum comfort for handling. For over forty years Hopkins Manufacturing and SubZero have shaped the winter snow and ice tools category.",
    "features": "Durable blade to remove frost\nSeparated ice chippers to break up the thickest ice\nExtra wide 4.5\" blade\nOval shaped, soft foam grip provides maximum comfort\nFeatures an 11\" length that provides great reach\n› See more product details",
    "lowest_price_date": "Aug 19, 2019",
    "lowest_price": "$3.99",
    "highest_price_date": "Dec 07, 2022",
    "highest_price": "$12.23",
    "current_price_date": "Nov 18, 2023"
  },
  {
    "title": "Lifeline Aluminum Sport Utility Shovel, 3 Piece Collapsible Design, Perfect Snow Shovel for Car, Camping and Other Outdoor Activities, Red",
    "current_price": "$35.97",
    "list_price": "$24.99",
    "average_price": "$34.61",
    "category": "automotive",
    "badge": "",
    "link": "https://camelcamelcamel.com/product/B002SIR91A?active=price_amazon&context=popular",
    "amazon_title": "Lifeline Aluminum Sport Utility Shovel, 3 Piece Collapsible Design, Perfect Snow Shovel for Car, Camping and Other Outdoor Activities, Red",
    "amazon_link": "https://www.amazon.com/dp/B002SIR91A",
    "img": "https://m.media-amazon.com/images/I/61FBWJW5vOL.__AC_SX300_SY300_QL70_FMwebp_.jpg",
    "description": "Aluminum Sport utility shovel, 3 piece collapsible design, for car, camping and other outdoor activities. Be prepared for inclement weather with Lifeline first Aid's high quality aluminum Sport utility shovel. The aluminum shovels come in six new colors for 2018, and undergo a high quality powder coating process to ensure that the color will remain bright and vivid, even after exposed to the elements. The shovels are available in black, Olive, orange, yellow, blue and red. The sport shovel is constructed from lightweight, durable, high-quality aluminum and is tested internally by Lifeline quality control team. The shovel's designed to easily disassemble into three pieces for easy storage and portability, making it the ideal travel accessory to keep in your car, SUV or recreational activity vehicle, or even to tote with you in your backpack.",
    "features": "3 PIECE COLLAPSIBLE DESIGN: Breaks down to 3 pieces making it easy to store and carry\nLIGHTWEIGHT: Constructed of durable high-quality light aluminum weighing 1.3 lbs.\nBE PREPARED: You'll never know what adverse weather conditions you may run into\nADJUSTABLE: Shovel can adjust from 21” to 26” to 32”\n› See more product details",
    "lowest_price_date": "Jun 07, 2021",
    "lowest_price": "$13.80",
    "highest_price_date": "Aug 31, 2023",
    "highest_price": "$44.28",
    "current_price_date": "Sep 09, 2023"
  },
  {
    "title": "Lifeline 4002 Aluminum Sport Utility, 3 Piece Collapsible Design, Perfect Snow Shovel for Car, Camping and Other Outdoor Activities, One Size, Yellow",
    "current_price": "$40.00",
    "list_price": "$40.58",
    "average_price": "$31.76",
    "category": "automotive",
    "badge": "",
    "link": "https://camelcamelcamel.com/product/B00455L5WS?active=price_amazon&context=popular",
    "amazon_title": "Lifeline 4002 Aluminum Sport Utility, 3 Piece Collapsible Design, Perfect Snow Shovel for Car, Camping and Other Outdoor Activities, One Size, Yellow",
    "amazon_link": "https://www.amazon.com/dp/B00455L5WS",
    "img": "https://m.media-amazon.com/images/I/612kk+1xGIL._AC_SX300_SY300_.jpg",
    "description": "This is an ideal item to carry in your automobile at all times. It is made of durable lightweight aluminum construction. The handle adjusts from 25 inches to 32 inches. This shovel can break down into three pieces for easy storage. Total weight: approximately 1.3 pounds.",
    "features": "3 PIECE COLLAPSIBLE DESIGN: Breaks down to 3 pieces making it easy to store and carry\nLIGHTWEIGHT: Constructed of durable high-quality light aluminum weighing 1.3 lbs.\nBE PREPARED: You'll never know what adverse weather conditions you may run into\nADJUSTABLE: Shovel can adjust from 21” to 26” to 32”\n› See more product details",
    "lowest_price_date": "Jun 30, 2012",
    "lowest_price": "$7.64",
    "highest_price_date": "Jul 21, 2023",
    "highest_price": "$40.00",
    "current_price_date": "Nov 18, 2023"
  }
]