[
  {
    "title": "Dyson Airwrap Multi-Styler Complete Long, Nickel/Copper",
    "current_price": "$599.00",
    "list_price": "$599.99",
    "average_price": "$584.60",
    "category": "beauty",
    "badge": "",
    "link": "https://camelcamelcamel.com/product/B0B61XH5YT?active=price_amazon&context=popular",
    "camel_img": "https://m.media-amazon.com/images/I/41mSpCQio7L._UL320_.jpg",
    "amazon_title": "Dyson Airwrap",
    "amazon_link": "https://www.amazon.com/dp/B0B61XH5YT",
    "img": "https://m.media-amazon.com/images/I/41mSpCQio7L._SY445_SX342_QL70_FMwebp_.jpg",
    "description": "DESCRIPTION\nCurl, shape, smooth, and hide flyaways with no extreme heat. Re-engineered attachments, including barrels, brushes, and the Coanda smoothing dryer, harness enhanced Coanda airflow for styling.\nBENEFITS\nAirflow temperature is measured over 40 times a second, to prevent extreme heat damage as you dry and style.\nSUGGESTED USE\nEngineered for multiple hair types, lengths, and styles. Start with damp hair. Get hair 80% dry before styling.",
    "lowest_price_date": "Oct 12, 2023",
    "lowest_price": "$509.99",
    "highest_price_date": "Jul 23, 2023",
    "highest_price": "$599.00",
    "current_price_date": "Oct 16, 2023"
  },
  {
    "title": "Dyson Airwrap Multi-Styler Complete Long Diffuse for Curly and Coily Hair",
    "current_price": "$599.00",
    "list_price": "$599.99",
    "average_price": "$581.59",
    "category": "beauty",
    "badge": "",
    "link": "https://camelcamelcamel.com/product/B0CG6PM65W?active=price_amazon&context=popular",
    "camel_img": "https://m.media-amazon.com/images/I/317wCNuIfkL._UL320_.jpg",
    "amazon_title": "Dyson Airwrap",
    "amazon_link": "https://www.amazon.com/dp/B0CG6PM65W",
    "img": "https://m.media-amazon.com/images/I/317wCNuIfkL._SY445_SX342_QL70_FMwebp_.jpg",
    "description": "DESCRIPTION\nVersatile styling from start to finish – curly and coily hair\nBENEFITS\nSimulates natural drying to define natural looking curls\nSUGGESTED USE\nHair Drying",
    "lowest_price_date": "Oct 12, 2023",
    "lowest_price": "$509.99",
    "highest_price_date": "Oct 27, 2023",
    "highest_price": "$599.99",
    "current_price_date": "Nov 10, 2023"
  },
  {
    "title": "DKNY Be Delicious Eau de Parfum Perfume Spray For Women, 3.4 Fl. Oz",
    "current_price": "$100.00",
    "list_price": "$80.00",
    "average_price": "$65.96",
    "category": "beauty",
    "badge": "",
    "link": "https://camelcamelcamel.com/product/B000E7STLQ?active=price_amazon&context=popular",
    "amazon_title": "DKNY Be Delicious Eau de Parfum Perfume Spray For Women Fl.",
    "amazon_link": "https://www.amazon.com/dp/B000E7STLQ",
    "img": "https://m.media-amazon.com/images/I/41eb0rksCvL._SY445_SX342_QL70_FMwebp_.jpg",
    "description": "DESCRIPTION\nA fresh floral DKNY Be Delicious Eau de Parfum is bursting with playful charm and spontaneity.\nBENEFITS\nOlfactive Family: Floral Fruity. Key Notes - Top: Apple / Mid: Magnolia / Base: Sandalwood\nSUGGESTED USE\nPersonal",
    "lowest_price_date": "Dec 19, 2016",
    "lowest_price": "$22.62",
    "highest_price_date": "Oct 23, 2023",
    "highest_price": "$100.00",
    "current_price_date": "Nov 06, 2023"
  },
  {
    "title": "Tommy Hilfiger Tommy Girl Eau de Toilette Spray for Women, 3.4 Fl Oz",
    "current_price": "$27.18",
    "list_price": "$27.34",
    "average_price": "$28.43",
    "category": "beauty",
    "badge": "",
    "link": "https://camelcamelcamel.com/product/B000C1ZEY4?active=price_amazon&context=popular",
    "amazon_title": "Tommy Hilfiger Tommy Girl Eau de Toilette Spray for Women, 3.4 Fl Oz",
    "amazon_link": "https://www.amazon.com/dp/B000C1ZEY4",
    "img": "https://m.media-amazon.com/images/I/41J2j+DBRDL._SY300_SX300_.jpg",
    "description": "Tommy Hilfiger Tommy Girl Eau de Toilette Spray for Women, 3.4 Fluid Ounce.",
    "features": "All our fragrances are 100% originals by their original designers.\nPackaging for this product may vary from that shown in the image above.\nTommy Girl was launched by the design house of Tommy Hilfiger\nThis product is a fragrance item that comes in retail packaging\nIt is recommended for casual wear",
    "lowest_price_date": "Dec 19, 2016",
    "lowest_price": "$14.02",
    "highest_price_date": "May 13, 2017",
    "highest_price": "$52.00",
    "current_price_date": "Nov 15, 2023"
  },
  {
    "title": "Clinique Happy for Men Eau de Toilette Spray, 3.4 Ounce",
    "current_price": "$33.07",
    "list_price": "$50.00",
    "average_price": "$44.47",
    "category": "beauty",
    "badge": "",
    "link": "https://camelcamelcamel.com/product/B000C1UD4K?active=price_amazon&context=popular",
    "amazon_title": "Clinique Happy for Men Eau de Toilette Spray, 3.4 Ounce",
    "amazon_link": "https://www.amazon.com/dp/B000C1UD4K",
    "img": "https://m.media-amazon.com/images/I/41-tTqE-MNL._SX300_SY300_QL70_FMwebp_.jpg",
    "description": "NA",
    "features": "Packaging for this product may vary from that shown in the image above\nThis item is not for sale in Catalina Island\nIt is recommended for office wear.",
    "lowest_price_date": "Oct 29, 2015",
    "lowest_price": "$24.92",
    "highest_price_date": "Nov 20, 2022",
    "highest_price": "$77.00"
  },
  {
    "title": "Pleasures By Estee Lauder For Women. Eau De Parfum Spray 3.4 Ounces",
    "current_price": "$39.63",
    "list_price": "$78.00",
    "average_price": "$43.60",
    "category": "beauty",
    "badge": "",
    "link": "https://camelcamelcamel.com/product/B000C1Z5AW?active=price_amazon&context=popular",
    "amazon_title": "Pleasures By Estee Lauder For Women. Eau De Parfum Spray 3.4 Ounces",
    "amazon_link": "https://www.amazon.com/dp/B000C1Z5AW",
    "img": "https://m.media-amazon.com/images/I/41I6bExFaZL._SX300_SY300_QL70_FMwebp_.jpg",
    "description": "Created in 1995, Estée Lauder Pleasures set the trend for uplifting, airy fragrances and introduced the Sheer Floral fragrance type. Evelyn Lauder created it to have a sheer, elusive, luminous quality. It captures the clarity of flowers just after a spring rain. This wonderful fragrance has been one of best selling fragrances for many years. \"Whatever the fragrance was to be, I wanted it to have an elusive, textural quality,\" said Evelyn Lauder. And we have achieved it with Estée Lauder Pleasures. For the first time, there is a fragrance that unfolds like a flower in the warmth of the sun, surrendering its scent little by little.",
    "features": "This product is made of high quality material\nIt is recommended for romantic wear\nThis Product Is Manufactured In Switzerland\nIngredients: Alcohol Denat, Pleasures Fragrance (Parfum), WaterAquaEau, Butylphenyl Methylpropional, Dilauryl Thiodipropionate, Citronellol, Hydroxyisohexyl 3-Cyclohexene Carboxaldehyde, Hexyl Cinnamal, Alpha-Isomethyl Ionone, Geraniol, Linalool, Limonene, Hydroxycitronellal, Eugenol, Benzyl Benzoate, Benzyl Alcohol, Cinnamyl Alcohol, Citral\nPleasures by Estee Lauder for Women - 3.4 oz EDP Spray",
    "lowest_price_date": "Feb 25, 2017",
    "lowest_price": "$30.80",
    "highest_price_date": "Jul 26, 2023",
    "highest_price": "$102.00",
    "current_price_date": "Nov 14, 2023"
  },
  {
    "title": "Happy By Clinique For Women, EDP, 3.4 Fl Oz",
    "current_price": "$26.99",
    "list_price": "$60.00",
    "average_price": "$48.53",
    "category": "beauty",
    "badge": "Good Deal",
    "link": "https://camelcamelcamel.com/product/B000C1Z3LS?active=price_amazon&context=popular",
    "amazon_title": "Happy By Clinique For Women, EDP, 3.4 Fl Oz",
    "amazon_link": "https://www.amazon.com/dp/B000C1Z3LS",
    "img": "https://m.media-amazon.com/images/I/31hu+nTQ9JL._SX300_SY300_.jpg",
    "description": "Introduced in 1997. Fragrance notes: a floral, citrusy bouquet. Recommended use: daytime. When applying any fragrance please consider that there are several factors which can affect the natural smell of your skin and, in turn, the way a scent smells on you.  For instance, your mood, stress level, age, body chemistry, diet, and current medications may all alter the scents you wear.  Similarly, factor such as dry or oily skin can even affect the amount of time a fragrance will last after being applied",
    "features": "Packaging for this product may vary from that shown in the image above\nThis item is not for sale in Catalina Island\nThis item is not for sale in Catalina Island",
    "lowest_price_date": "May 08, 2017",
    "lowest_price": "$26.66",
    "highest_price_date": "Apr 18, 2023",
    "highest_price": "$87.00",
    "current_price_date": "Nov 17, 2023"
  },
  {
    "title": "CLINIQUE Happy For Women. Eau De Parfum Spray 1.7 Fl Oz",
    "current_price": "$36.98",
    "list_price": "$46.90",
    "average_price": "$35.94",
    "category": "beauty",
    "badge": "",
    "link": "https://camelcamelcamel.com/product/B000C1VUZ6?active=price_amazon&context=popular",
    "amazon_title": "CLINIQUE Happy For Women. Eau De Parfum Spray 1.7 Fl Oz",
    "amazon_link": "https://www.amazon.com/dp/B000C1VUZ6",
    "img": "https://m.media-amazon.com/images/I/41DARZ+g6fL._SY300_SX300_.jpg",
    "description": "NA",
    "features": "For all skin types\nLong lasting fragrance\nIt is recommended for casual wear",
    "lowest_price_date": "Feb 16, 2017",
    "lowest_price": "$20.64",
    "highest_price_date": "Jun 08, 2023",
    "highest_price": "$67.00",
    "current_price_date": "Oct 29, 2023"
  },
  {
    "title": "Clinique Happy by Clinique for Women, EDP Spray, 3.4 Fl Oz",
    "current_price": "$26.99",
    "list_price": "$63.00",
    "average_price": "$36.18",
    "category": "beauty",
    "badge": "",
    "link": "https://camelcamelcamel.com/product/B0016B20EG?active=price_amazon&context=popular",
    "amazon_title": "Clinique Happy by Clinique for Women, EDP Spray, 3.4 Fl Oz",
    "amazon_link": "https://www.amazon.com/dp/B0016B20EG",
    "img": "https://m.media-amazon.com/images/I/41Nto4K1GhL._SX300_SY300_QL70_FMwebp_.jpg",
    "description": "It is recommended for daily use. Long lasting fragrance, For all skin types. This is high quality product made of high quality material.",
    "features": "It is recommended for daily use\nLong lasting fragrance, For all skin types\nThis is high quality product made of high quality material\nIntroduced by the design house of clinique in 1997 happy is a refreshing flowery fragrance\nThis perfume has a blend of floral jasmine lily of the valley carnation\nIt is recommended for office wear",
    "lowest_price_date": "Aug 20, 2023",
    "lowest_price": "$25.63",
    "highest_price_date": "Jan 14, 2023",
    "highest_price": "$87.00",
    "current_price_date": "Nov 18, 2023"
  },
  {
    "title": "Happy Heart By Clinique For Women. Parfum Spray 1.7 Ounces",
    "current_price": "$34.10",
    "list_price": "$48.00",
    "average_price": "$36.75",
    "category": "beauty",
    "badge": "",
    "link": "https://camelcamelcamel.com/product/B00027C8K6?active=price_amazon&context=popular",
    "amazon_title": "Clinique Happy Heart By Clinique For Women. Parfum Spray 1.7 Ounces",
    "amazon_link": "https://www.amazon.com/dp/B00027C8K6",
    "img": "https://m.media-amazon.com/images/I/21L7sLhhOgL._SX300_SY300_QL70_FMwebp_.jpg",
    "description": "NA",
    "features": "This product is made of high quality material\nIt is recommended for romantic wear\nThis Product Is Manufactured In United Kingdom\nPackaging for this product may vary from that shown in the image above\nThis item is not for sale in Catalina Island\nThis item is not for sale in Catalina Island\nPackaging for this product may vary from that shown in the image above\nShow more",
    "lowest_price_date": "May 08, 2017",
    "lowest_price": "$24.59",
    "highest_price_date": "Dec 13, 2020",
    "highest_price": "$56.00",
    "current_price_date": "Nov 17, 2023"
  },
  {
    "title": "Happy By Clinique For Men. Cologne Spray 1.7 Oz.",
    "current_price": "$70.00",
    "list_price": "$41.00",
    "average_price": "$31.45",
    "category": "beauty",
    "badge": "",
    "link": "https://camelcamelcamel.com/product/B000277N7Y?active=price_amazon&context=popular",
    "amazon_title": "Happy By Clinique For Men. Cologne Spray 1.7 Oz.",
    "amazon_link": "https://www.amazon.com/dp/B000277N7Y",
    "img": "https://m.media-amazon.com/images/I/51-cEvU20qL.__AC_SX395_SY395_QL70_FMwebp_.jpg",
    "description": "Introduced in 1999. Fragrance notes: citrusy lemon, mandarin, orange and grapefruit. Recommended use: daytime.",
    "lowest_price_date": "May 29, 2019",
    "lowest_price": "$23.24",
    "highest_price_date": "Oct 06, 2023",
    "highest_price": "$70.00",
    "current_price_date": "Oct 06, 2023"
  },
  {
    "title": "Dyson Airstrait Straightener",
    "current_price": "$499.00",
    "list_price": "$499.99",
    "average_price": "$499.44",
    "category": "beauty",
    "badge": "",
    "link": "https://camelcamelcamel.com/product/B0C6BJ95SC?active=price_amazon&context=popular",
    "amazon_title": "Dyson Airstrait™ Straightener",
    "amazon_link": "https://www.amazon.com/dp/B0C6BJ95SC",
    "img": "https://m.media-amazon.com/images/I/31Rbl8r992L._SY445_SX342_QL70_FMwebp_.jpg",
    "description": "DESCRIPTION\nDyson Airstrait™ dries and straightens simultaneously from wet. Engineered to create a natural straight finish for multiple hair types. No hot plates. Your routine, simplified.\nBENEFITS\nAirflow is projected downwards to create the tension needed to align for styling with less damage and breakage.\nSUGGESTED USE\nHair straightener",
    "lowest_price_date": "Oct 12, 2023",
    "lowest_price": "$424.99",
    "highest_price_date": "Oct 05, 2023",
    "highest_price": "$499.99",
    "current_price_date": "Nov 07, 2023"
  }
]