[{"title": "Tea Tree Therapy, Toothpicks Mint Tea Tree, 100 Count", "current_price": "$13.38", "list_price": "$42.26", "average_price": "$35.39", "category": "health-personal-care", "badge": "Good Deal", "link": "https://camelcamelcamel.com/product/B001FCJMAG?active=price_amazon&context=popular", "camel_img": "https://m.media-amazon.com/images/I/51D5Eq9xjGL._UL320_.jpg", "amazon_title": "Tea Tree Therapy, Toothpicks Mint Tea Tree, 100 Count", "amazon_link": "https://www.amazon.com/dp/B001FCJMAG", "img": "https://m.media-amazon.com/images/I/51D5Eq9xjGL._SX300_SY300_QL70_FMwebp_.jpg", "description": "Tea Tree Therapy Tea Tree Toothpick - 100 per pack -- 12 packs per case. Birchwood infused with Tea Tree Oil and other natural extracts Tea Tree Therapy Toothpicks are made from birchwood trees treated with Tea Tree Oil and other natural extracts to provide optimal oral hygiene. Tea Tree Oils natural antiseptic properties help freshen breath and kill bacteria that causes plaque and tartar. Their long-lasting flavor can be an aid to those giving up smoking. Shelf Life: 360 days", "features": "Tea Tree Toothpicks from Tea Tree Therapy.\nBirchwood toothpicks.\nInfused with tea tree oil and other natural extracts.", "lowest_price_date": "Nov 16, 2023", "lowest_price": "$13.34", "highest_price_date": "Nov 15, 2023", "highest_price": "$45.88", "current_price_date": "Nov 17, 2023"}, {"title": "BSN Medical BEI076168 Leukotape P Sports Tape, 1 1/2 Inch x 15 Yard", "current_price": "$18.04", "list_price": "$11.97", "average_price": "$12.45", "category": "health-personal-care", "badge": "", "link": "https://camelcamelcamel.com/product/B000E59HXC?active=price_amazon&context=popular", "amazon_title": "BSN Medical BEI076168 Leukotape P Sports Tape, 1 1/2 Inch x 15 Yard", "amazon_link": "https://www.amazon.com/dp/B000E59HXC", "img": "https://m.media-amazon.com/images/I/71hY5qIyLnL.__AC_SX300_SY300_QL70_FMwebp_.jpg", "description": "Product Description\nINDICATIONS: Leukotape P Sports tape is an ideal sports tape that offers the athlete therapy in motion. Leukotape is A high tensile strength is combined with an aggressive adhesive for maximum use in a variety of taping techniques. Leukotape P Sports Tape is r\nManufacturer Contact Information\nBSN Medical", "features": "Leukotape P is specifically designed for the patellofemoral (McConnell) taping\nHigh tensile strength yet hand tearable for easy application\nRigid joint immobilization and limitation of movement\nProtects skin from scratches and rubbing", "lowest_price_date": "Feb 07, 2022", "lowest_price": "$6.96", "highest_price_date": "Nov 28, 2022", "highest_price": "$19.32", "current_price_date": "Nov 13, 2023"}]