[
  {
    "title": "National Tree Company 'Feel Real' Artificial Full Downswept Christmas Tree, Green, Douglas Fir, Includes Stand, 7.5 Feet",
    "current_price": "$196.64",
    "list_price": "$469.99",
    "average_price": "$274.56",
    "category": "home-kitchen",
    "badge": "",
    "link": "https://camelcamelcamel.com/product/B0045VI3RC?active=price_amazon&context=popular",
    "camel_img": "https://m.media-amazon.com/images/I/41zOnssBxqL._UL320_.jpg",
    "amazon_title": "National Tree Company 'Feel Real' Artificial Full Downswept Christmas Tree, Green, Douglas Fir, Includes Stand, 7.5 Feet",
    "amazon_link": "https://www.amazon.com/dp/B0045VI3RC",
    "img": "https://m.media-amazon.com/images/I/815jXFdYWyL.__AC_SX300_SY300_QL70_FMwebp_.jpg",
    "description": "Transform your home into a winter wonderland with National Tree Company's ‘Feel Real’ Artificial Christmas Tree. This majestic Downswept Douglas Fir tree is 7.5 feet tall and 59 inches in diameter at the bottom, giving the tree a wide profile. Friends and family alike will marvel at how the tree closely mimics those outside. Molded from real tree branches for an authentic living tree appearance, this tree features our trademarked ‘Feel Real’ technology. Hundreds of crush-resistant polyethylene tips form full bodied branches, creating a tree with remarkable realism. The tree is designed with a hinged branch system that allows the branches to swing down for a quick and simple set-up and fold back in for easy storage. Set aside 45-60 minutes after assembly to properly shape the tree by peeling back the branches and pulling the tips apart to give the branches a more full-bodied look. Once the tree is fluffed to your liking, weave your desired lights through the branches starting from the top and moving down towards the bottom. Before dressing the tree in twinkling lights and glistening ornaments, consider placing it in a living room or dining area where it can be viewed from multiple angles and does not block any entryways. Constructed with sturdy, high quality materials and hypo-allergenic, fire-resistant needles, this tree is built to bring holiday cheer for years to come. At National Tree Company, we strive to create high quality Christmas decorations to help you transform your home so you can keep making every holiday moment magical.",
    "features": "This Downswept Douglas Fir Full Artificial Green Christmas Tree is 7.5 feet tall with a 59 inch base diameter. Featuring hundreds of 'Feel Real' individually crafted branch tips to create full bodied branches, this tree is designed to look and feel lifelike.\nDesigned to look and feel lifelike, this tree is defined by its close attention to detail, featuring hundreds of individually crafted branch tips that make up the wide, full-bodied branches that create space for your lights and ornaments.\nThis tree features pre-attached, hinged branches that drop down for a simple set-up and fold back in for quick and convenient storage. Set aside 45-60 minutes to properly shape the tree by peeling back the branches and pulling the tips apart.\nConstructed with sturdy, high quality materials, hypo-allergenic, fire-resistant needles, this tree is built to bring holiday cheer for years to come. Includes a durable metal base.\nAt National Tree Company, we believe that special holiday memories don’t have to be far and few between. This Christmas season, let our decorations transform your home while you focus on creating more of those magical moments.",
    "lowest_price_date": "Jan 28, 2017",
    "lowest_price": "$174.99",
    "highest_price_date": "Mar 05, 2020",
    "highest_price": "$549.99",
    "current_price_date": "Nov 17, 2023"
  },
  {
    "title": "Shark NV360 Navigator Lift-Away Deluxe Upright Vacuum with Large Dust Cup Capacity, HEPA Filter, Swivel Steering, Upholstery Tool & Crevice Tool, Blue",
    "current_price": "$159.99",
    "list_price": "$149.99",
    "average_price": "$176.39",
    "category": "home-kitchen",
    "badge": "",
    "link": "https://camelcamelcamel.com/product/B00JH98GR4?active=price_amazon&context=popular",
    "camel_img": "https://m.media-amazon.com/images/I/31qnssh9uRL._UL320_.jpg",
    "amazon_title": "Shark NV360 Navigator Lift-Away Deluxe Upright Vacuum with Large Dust Cup Capacity, HEPA Filter, Swivel Steering, Upholstery Tool & Crevice Tool, Blue",
    "amazon_link": "https://www.amazon.com/dp/B00JH98GR4",
    "img": "https://m.media-amazon.com/images/I/71FohJtmeNL.__AC_SX300_SY300_QL70_FMwebp_.jpg",
    "description": "Product Description\nA lightweight 2-in-1 Lift-Away upright vacuum with a detachable pod for portable cleaning power. With the push of a button, Lift Away the pod to easily clean in hard-to-reach areas. This vacuum is also equipped with Swivel Steering for excellent control when maneuvering around furniture and has a completely sealed system with a HEPA filter to trap dust and allergens.\nBrand Story\nBy Shark",
    "features": "POWERFUL SUCTION: Deep-clean carpets and tackle bare floors with multi-surface powerful suction.\nLIFT-AWAY FUNCTIONALITY: Detachable pod for cleaning under furniture or detach the nozzle to clean above the floor, on upholstery, furniture, stairs, and more.\nANTI-ALLERGEN COMPLETE SEAL TECHNOLOGY: Works with a HEPA filter to trap dust and allergens inside the vacuum cleaner.\nPERFECT FOR PETS: Powerful pet hair pickup attachments like the upholstery tool make cleaning pet hair a breeze.\nSWIVEL STEERING: Easily maneuver your vacuum in and out of tight spaces, in corners, around furniture, and more.\nBRUSHROLL SHUTOFF: Feature allows you to instantly switch from deep carpet cleaning to gentle bare floor cleaning.\nLARGE-CAPACITY DUST CUP: 0.9-quart capacity for longer cleaning sessions. Easily remove dust cup to empty debris in seconds.\nWHAT’S INCLUDED: Navigator Lift-Away Deluxe Upright Vacuum, Upholstery Tool & Crevice Tool. Rinse filters under running tap water until the water runs clear. Squeeze filters and let air dry for 24 hours before replacing. Do not wash in dishwasher or washing machine.",
    "lowest_price_date": "Jun 03, 2022",
    "lowest_price": "$95.00",
    "highest_price_date": "Feb 22, 2023",
    "highest_price": "$216.80",
    "current_price_date": "Nov 05, 2023"
  },
  {
    "title": "Calphalon Signature Hard-Anodized Nonstick 12-Inch Flat Bottom Wok with Cover",
    "current_price": "$79.99",
    "list_price": "$129.99",
    "average_price": "$96.30",
    "category": "home-kitchen",
    "badge": "",
    "link": "https://camelcamelcamel.com/product/B015Q9HM78?active=price_amazon&context=popular",
    "camel_img": "https://m.media-amazon.com/images/I/31jFe7jr5IL._UL320_.jpg",
    "amazon_title": "Calphalon Signature Hard-Anodized Nonstick 12-Inch Flat Bottom Wok with Cover",
    "amazon_link": "https://www.amazon.com/dp/B015Q9HM78",
    "img": "https://m.media-amazon.com/images/I/71SyNEML3aL.__AC_SX300_SY300_QL70_FMwebp_.jpg",
    "description": "Calphalon Signature Hard-Anodized Nonstick Cookware delivers a 1.5x more durable nonstick interior (vs Calphalon Classic) for effortless food release, so you can cook with confidence and serve even the most delicate food with ease. Designed and engineered in the United States, this cookware features a durable, PFOA-free, 3-layer nonstick interior that is tough enough to withstand metal utensils and holds up to everyday use. Signature cookware is oven-safe up to 500 degrees F, so it can go from the stovetop to the oven for heating and cooking versatility, and stay-cool stainless steel handles provide heat resistance when cooking on the stovetop. Calphalon Signature Nonstick pots and pans are also dishwasher-safe for easy cleaning. Discover professional-level precision and performance with Calphalon Signature, and experience superior cookware that's built to last.",
    "features": "Built to last, with a 1.5x more durable nonstick interior (vs Calphalon Classic)\nHeavy-gauge, hard-anodized aluminum construction heats evenly for precision cooking and performance\nOven-safe up to 500 degrees F, so you can easily go from stovetop to the oven\nMetal-utensil-safe, with a durable, PFOA-free, 3-layer nonstick interior\nStainless steel long handles stay cool on the stovetop\nRecognized as BEST Overall Nonstick Cookware by Good Housekeeping",
    "lowest_price_date": "Feb 04, 2017",
    "lowest_price": "$60.99",
    "highest_price_date": "Dec 18, 2020",
    "highest_price": "$129.99",
    "current_price_date": "Nov 17, 2023"
  },
  {
    "title": "Amazon Basics Memory Foam Filled Bean Bag Chair With Microfiber Cover, 4 ft, Brown, Solid",
    "current_price": "$47.74",
    "list_price": "$95.48",
    "average_price": "$108.57",
    "category": "home-kitchen",
    "badge": "Best Price",
    "link": "https://camelcamelcamel.com/product/B07TJTCLCQ?active=price_amazon&context=popular",
    "camel_img": "https://m.media-amazon.com/images/I/41gtjgNQgvL._UL320_.jpg",
    "amazon_title": "Amazon Basics Memory Foam Filled Bean Bag Chair With Microfiber Cover, 4 ft, Brown, Solid",
    "amazon_link": "https://www.amazon.com/dp/B07TJTCLCQ",
    "img": "https://m.media-amazon.com/images/I/81lmbQ1Y2EL.__AC_SX300_SY300_QL70_FMwebp_.jpg",
    "description": "Product Description\nAmazon Basics Memory Foam Filled Bean Bag Chair with Microfiber Cover - 4', Espresso\nFrom the Manufacturer\nAmazon Basics",
    "features": "Dimensions measure 4 ft x 4ft x 2.5ft\nFun, retro design perfect for floor seating, playing video games, watching movies, and more\nFilled with shredded memory foam for softness, support, and longevity\nUltra-soft microfiber cover that’s durable and stain-resistant\nRound microfiber bean bag chair with super soft cover\n› See more product details",
    "lowest_price_date": "Nov 17, 2023",
    "lowest_price": "$47.74",
    "highest_price_date": "Jun 08, 2023",
    "highest_price": "$156.92",
    "current_price_date": "Nov 17, 2023"
  },
  {
    "title": "Breville Nespresso Vertuo Creatista Single Serve Coffee Maker, Espresso Machine, BVE850BSS - Brushed Stainless Steel, Medium",
    "current_price": "$524.97",
    "list_price": "$749.95",
    "average_price": "$629.86",
    "category": "home-kitchen",
    "badge": "Best Price",
    "link": "https://camelcamelcamel.com/product/B0BXPFSMPL?active=price_amazon&context=popular",
    "camel_img": "https://m.media-amazon.com/images/I/41FErppFpnL._UL320_.jpg",
    "amazon_title": "Breville Nespresso Vertuo Creatista Single Serve Coffee Maker, Espresso Machine, BVE850BSS - Brushed Stainless Steel, Medium",
    "amazon_link": "https://www.amazon.com/dp/B0BXPFSMPL",
    "img": "https://m.media-amazon.com/images/I/71xAzjM2yYL.__AC_SX300_SY300_QL70_FMwebp_.jpg",
    "description": "With one touch, the system can deliver the perfect Espresso, Double Espresso, Gran Lungo, Mug or Carafe. Each capsule has a unique barcode which when read by the machine will adjust the extraction settings to ensure every coffee is as perfect as the one before. Double click to deliver a shortened extraction that is ideal for milk coffee recipes.",
    "features": "SIGNATURE COFFEES AND ESPRESSOS: Vertuo Creatista offers a variety of coffee formats in 6 sizes, including 5, 8, 12, and 18 oz coffees, as well as single and double espressos brewed hot or over ice.\nBARISTA STEAM WAND: Create top-quality latte art on your cappuccino, flat white, caffe latte, latte macchiato with 3 customizable temperature and froth settings. Stainless steel 8oz milk jug included.\nSIMPLE AND CONVENIENT: One-touch coffee system, 30 second heat up time, automatic used coffee pod ejection and adjustable drip tray for shorter cups.\nPRECISION BREWING: unlocks a smooth full-bodied coffee topped with a velvety layer of coffee foam, for a perfect cup every time.\nPREMIUM COFFEE BLENDS: Nespresso offers an array of over 40 permanent specialty Vertuo coffees, from dark and strong to mild and smooth, as well as unique limited-edition blends and flavors. A complimentary tasting pack is included with your machine (assortment may vary). Capsules exclusively compatible with Nespresso Vertuo machines.",
    "lowest_price_date": "Nov 17, 2023",
    "lowest_price": "$524.97",
    "highest_price_date": "May 16, 2023",
    "highest_price": "$749.95",
    "current_price_date": "Nov 17, 2023"
  },
  {
    "title": "De'Longhi EC9255M La Specialista Arte Evo Espresso Machine with Cold Brew",
    "current_price": "$549.95",
    "list_price": "$749.95",
    "average_price": "$678.55",
    "category": "home-kitchen",
    "badge": "Best Price",
    "link": "https://camelcamelcamel.com/product/B0CCZQCNLJ?active=price_amazon&context=popular",
    "camel_img": "https://m.media-amazon.com/images/I/41RoQzXUspL._UL320_.jpg",
    "amazon_title": "De'Longhi EC9255M La Specialista Arte Evo Espresso Machine with Cold Brew",
    "amazon_link": "https://www.amazon.com/dp/B0CCZQCNLJ",
    "img": "https://m.media-amazon.com/images/I/813Q4duRLPL.__AC_SX300_SY300_QL70_FMwebp_.jpg",
    "description": "Explore the art of espresso made right, effortlessly, with the refined features of La Specialista Arte Evo from De'Longhi. Created for the hands-on home barista, this compact and stylishly designed espresso machine empowers you to craft custom espresso drinks with ease and precision. From start to finish, unlock all the aromatic flavors of the beans for results that perfectly match your palette. Full control is at your fingertips with exclusive features including a conical burr grinder with 8 precise settings developed to expertly grind all bean varieties in a single or double dose, and now cold brew. De’Longhi’s proprietary Cold Extraction Technology now allows you to enjoy cold brew in under 5 minutes. This innovative technology, developed in collaboration with the Specialty Coffee Association, utilizes precisely measured water flow and pressure rates, along with specific extraction temperatures, to create a delicious cold brew coffee in less than five minutes. The La Specialista Arte Evo comes equipped with a barista kit, including a tamper, dosing funnel, and more, to prepare your fresh grounds in either a single or double dose with a simple, mess-free experience. The Active Temperature Control allows you to select one of 3 temperature settings to match water infusion temperature to beans for optimal extraction. Finally, the powerful, commercial-style wand heats up quickly, delivers the right steam pressure needed to create consistently smooth micro-foam for latte art. Save time with four beverage presets—espresso, Americano, cold brew, and hot water. With La Specialista Arte Evo, an authentic, hand-crafted coffee experience is within your reach. Indulge in the creativity of coffee-making as you get the best out of every bean and enjoy experimenting with latte art as a home barista.",
    "features": "Perfect, consistent Grinding with a built-in grinder with 8 precise settings that ensure optimal single or double dose and grind size.\nPowerful, commercial-style wand that heats up quickly and delivers the right steam pressure needed to create consistently smooth micro-foam for latte art.\nEnjoy cold brew in under 5 minutes with De’Longhi’s proprietary Cold Extraction Technology.\nThe professional barista toolkit makes your experience mess-free and easier than ever with the dosing and tamping guide and tamping mat.\nLa Specialista Arte Evo has a 15 bar Italian pump that delivers perfect pressure, essential during the whole brewing process, from low pressure during pre-infusion, to the optimal 9 bar of high pressure during extraction.",
    "lowest_price_date": "Nov 10, 2023",
    "lowest_price": "$549.95",
    "highest_price_date": "Oct 11, 2023",
    "highest_price": "$749.95",
    "current_price_date": "Nov 10, 2023"
  },
  {
    "title": "Paco Rabanne 1 Million Fragrance - Fresh And Spicy - Notes Of Amber, Leather And Tangerine - Adds A Touch Of Irresistible Seduction - Ideal For Men With Rebellious Charm - Edt Spray - 3.4 Oz",
    "current_price": "$59.77",
    "list_price": "$78.00",
    "average_price": "$57.31",
    "category": "home-kitchen",
    "badge": "",
    "link": "https://camelcamelcamel.com/product/B002XQ1X4G?active=price_amazon&context=popular",
    "amazon_title": "Paco Rabanne 1 Million Fragrance - Fresh And Spicy - Notes Of Amber, Leather And Tangerine - Adds A Touch Of Irresistible Seduction - Ideal For Men With Rebellious Charm - Edt Spray - 3.4 Oz",
    "amazon_link": "https://www.amazon.com/dp/B002XQ1X4G",
    "img": "https://m.media-amazon.com/images/I/51Kat+IzolL._SY300_SX300_.jpg",
    "description": "One Million Eau de Toilette is a fresh and spicy fragrance for men with notes of amber, leather, and tangerine. It defies all the rules and upsets the codes while adding a touch of irresistible seduction. It contains head-turning aromas to suit a man with rebellious charm. One Million. You can be a bad boy, so long as you're a gentleman at all times. Never take orders, create your own rules. This fragrance contains more detailed notes including Frosted Grapefruit, Blood Mandarin, Peppermint, Rose Absolute, Musk, Cinnamon Bark, Blond Leather, Tonka Bean, Patchouli, White Wood and Amber Ketal.",
    "features": "Grapefruit, Mint, Blood Mandarin\nRose, Cinnamon, Spicy Notes\nLeather, Woody Notes, Amber, Indian Patchouli\nProduct Packaging May Vary\n1 Million marks the come-back of asserted masculine seduction",
    "lowest_price_date": "Dec 02, 2010",
    "lowest_price": "$31.00",
    "highest_price_date": "Aug 04, 2023",
    "highest_price": "$106.00",
    "current_price_date": "Nov 16, 2023"
  },
  {
    "title": "Dritz Adhesive Res Q Tape, 3/4-Inch x 5-Yards, Clear",
    "current_price": "$1.00",
    "list_price": "$6.89",
    "average_price": "$4.70",
    "category": "home-kitchen",
    "badge": "",
    "link": "https://camelcamelcamel.com/product/B0019INGFS?active=price_amazon&context=popular",
    "amazon_title": "Dritz Adhesive Res Q Tape, 3/4-Inch x 5-Yards, Clear",
    "amazon_link": "https://www.amazon.com/dp/B0019INGFS",
    "img": "https://m.media-amazon.com/images/I/51mFqFXeriL.__AC_SX300_SY300_QL70_FMwebp_.jpg",
    "description": "Adhesive Res Q Tape",
    "features": "For temporary repair of hems and seams and quick basting without pins and general craft applications\nDouble-faced Clear adhesive tape\nClings to fabric, leather and paper without leaving any residue\nFor Fashion, Home Décor, Crafts",
    "lowest_price_date": "Aug 19, 2023",
    "lowest_price": "$1.00",
    "highest_price_date": "Jul 25, 2022",
    "highest_price": "$9.65",
    "current_price_date": "Nov 17, 2023"
  },
  {
    "title": "Zep ZUOVGR19 Heavy-Duty Oven and Grill Cleaner 19 Ounces, 19 oz",
    "current_price": "$7.79",
    "list_price": "$12.99",
    "average_price": "$5.37",
    "category": "home-kitchen",
    "badge": "",
    "link": "https://camelcamelcamel.com/product/B005CZY6T4?active=price_amazon&context=popular",
    "amazon_title": "Zep ZUOVGR19 Heavy-Duty Oven and Grill Cleaner 19 Ounces, 19 oz",
    "amazon_link": "https://www.amazon.com/dp/B005CZY6T4",
    "img": "https://m.media-amazon.com/images/I/61RmGO3kg1L.__AC_SX300_SY300_QL70_FMwebp_.jpg",
    "description": "Product Description\nZEP OVEN & GRILL CLEANER\nOven & Grill Cleaner dissolves grease on contact. Its thick foam clings to surfaces while an advanced grease-cutting formula penetrates deep to cut through the toughest of stains. The cleaner is suitable for use on stainless steel, porcelain and ceramic, making it ideal for cleaning ovens, grills, pots, pans, rotisseries and burner drip pans.\nDissolves grease on contact\nSuitable for use on stainless steel, porcelain and ceramic\nIdeal for cleaning ovens, grills, pots, pans, rotisseries and burner drip pans",
    "features": "Removes carbon deposits, greasy wastes and baked-on foods\nHighly effective Aerosol",
    "lowest_price_date": "Oct 21, 2013",
    "lowest_price": "$3.97",
    "highest_price_date": "Jan 26, 2017",
    "highest_price": "$18.41",
    "current_price_date": "Nov 17, 2023"
  },
  {
    "title": "Best Price Mattress 8 inch Twin Mattress Bed-In-A-Box, Green Tea Memory Foam, White",
    "current_price": "$142.62",
    "list_price": "$146.99",
    "average_price": "$129.70",
    "category": "home-kitchen",
    "badge": "",
    "link": "https://camelcamelcamel.com/product/B00GTCL44O?active=price_amazon&context=popular",
    "amazon_title": "Best Price Mattress 8 inch Twin Mattress Bed-In-A-Box, Green Tea Memory Foam, White",
    "amazon_link": "https://www.amazon.com/dp/B00GTCL44O",
    "img": "https://m.media-amazon.com/images/I/61zyhmamzhL.__AC_SX300_SY300_QL70_FMwebp_.jpg",
    "description": "Best Price Mattress 8-inch memory foam mattress provides a great sleeping surface. In normal temperatures it is somewhat firm, but when you lay down, it starts reacting to the temperature of your body and begins to mold itself to your shape. Then, weight is evenly distributed along the surface, relieving pressure points and helping you to sleep more without tossing and turning. Green tea infusion provides a calming effect for a night of full relaxation. The breathable ventilated foam design optimizes airflow, reducing body heat and helping to keep your mattress fresh for a longer time. Our mattress is made with CertiPUR-US certified foams and wrapped in a soft fabric cover. Deep dual layers: memory foam top + super soft foam + high density base support layer, rich poly jacquard fabric cover, 10-year manufacturer's warranty.",
    "features": "Poly-cotton\nImported\n[Experience Blissful Comfort] - Drift into a world of luxurious comfort on our memory foam mattress. The memory foam molds to your body, relieving pressure points for unparalleled rest.\n[Revitalize with Green Tea] - Infused with calming green tea, our memory foam layer rejuvenates your senses while keeping your mattress fresh day after day.\n[Harmonious Layers, Divine Sleep] - The perfect symphony of memory foam, support foam, and high-density layers orchestrates balanced support for your dreamy night's sleep..Top:Memory Foam\n[Trusted Quality, Sleep Securely] - Embrace safety and trust with our CertiPUR-US certified foams, cotton-based fire retardant, and cozy Poly Jacquard fabric cover.\n[Rest In Confidence] - Elevate your sleep experience with our honest-priced, top-quality mattresses. Enjoy a 10-year warranty, a testament to our commitment to your peaceful slumber.",
    "lowest_price_date": "Nov 14, 2023",
    "lowest_price": "$86.48",
    "highest_price_date": "Jun 18, 2017",
    "highest_price": "$295.91",
    "current_price_date": "Nov 17, 2023"
  },
  {
    "title": "Safavieh American Homes Collection Parker Country Farmhouse Wood Black Spindle Side Chair (Set of 2)",
    "current_price": "$123.25",
    "list_price": "$295.20",
    "average_price": "$157.83",
    "category": "home-kitchen",
    "badge": "Best Price",
    "link": "https://camelcamelcamel.com/product/B0076PL1KA?active=price_amazon&context=popular",
    "amazon_title": "Safavieh American Homes Collection Parker Country Farmhouse Wood Black Spindle Side Chair (Set of 2)",
    "amazon_link": "https://www.amazon.com/dp/B0076PL1KA",
    "img": "https://m.media-amazon.com/images/I/91FMd66zJhL.__AC_SX300_SY300_QL70_FMwebp_.jpg",
    "description": "The classic Safavieh American Home Collection Bristol Black Spindle Side Chairs is sure to be the perfect addition to any decor. The Bristol Chair is crafted from sturdy Malaysian Oak and has a lovely black color. It features a chic glossy finish and sleek design. The Bristol Chair comes in a set of two which makes it perfect for entertaining. Assembly required, these chairs measure -Inch 21 wide by 20.5 -Inch deep by 36 -Inch tall with a seat height of 17.3 -Inch.",
    "features": "The black finish of these chairs is sure to update any decor\nThese chairs feature seat dimentions of 17.3 inches wide by 16.3 inches deep\nCrafted of solid Malaysian oak wood\nPerfect for a living room, den, library, bedroom or study\nAssembly required, these chairs measure inches 21 wide by 20.5 inches deep by 36 inches tall with a seat height of 17.3 inches\nNOTE : To ensure proper assembly, please follow all steps provided in the installation manual (provided in pdf below)\nThe black finish of these chairs is sure to update any decor\nShow more",
    "lowest_price_date": "Nov 14, 2023",
    "lowest_price": "$123.25",
    "highest_price_date": "May 26, 2022",
    "highest_price": "$237.99",
    "current_price_date": "Nov 14, 2023"
  },
  {
    "title": "Olee Sleep Queen Mattress, 10 Inch Gel Memory Foam Mattress, Gel Infused for Comfort and Pressure Relief, CertiPUR-US Certified, Bed-in-a-Box, Medium Firm, Blue, Queen Size",
    "current_price": "$149.00",
    "list_price": "$399.99",
    "average_price": "$280.48",
    "category": "home-kitchen",
    "badge": "Best Price",
    "link": "https://camelcamelcamel.com/product/B016WJWC0S?active=price_amazon&context=popular",
    "amazon_title": "Olee Sleep Queen Mattress, 10 Inch Gel Memory Foam Mattress, Gel Infused for Comfort and Pressure Relief, CertiPUR-US Certified, Bed-in-a-Box, Medium Firm, Blue, Queen Size",
    "amazon_link": "https://www.amazon.com/dp/B016WJWC0S",
    "img": "https://m.media-amazon.com/images/I/81aSeiQntJL.__AC_SX300_SY300_QL70_FMwebp_.jpg",
    "description": "Olee Sleep 10 Inch Blue and White Gel Memory Foam Mattress offers temperature control, pressure relieving comfort, and painless sleep experience.We create a multi-layer structure for maximum comfort and reliability. I-Gel foam provides heat transfer and temperature regulation. Its high responsiveness allows the medium firm foam to quickly adapt to body shapes and movements, for pressure relief and motion isolation. The convoluted foam targets pressure points and promote airflow. High density foam gives support and integrity.The durable, stretchy, polyester spandex jacquard fabric wicks moisture and protects mattress from dust and debris. The mattress provides exceptional comfort, support, and temperature regulation. With perfect motion isolation, supportive design, and temperature regulation, Olee Sleep's mattress guarantees the best sleep quality you've ever experienced.Olee Sleep's vision is to elevate sleep experience by incorporating proprietary technologies and innovative solutions that boast exceptional quality and offer unique features.Material\n- Polyester Spandex Jacquard: Polyester spandex cover provides breathability, flexibility, and dust protection.\n- I-Gel Foam: Cool gel infused memory foam technology designed to keep temperature cool through the night.\n- HD Foam: High density foam & memory foam synergy provides enhanced support and top comfort experience.\n- Convoluted Foam: Textured foam improves weight distribution, comfort, and air circulation.Product's Certifications\n- CFR 1632/1633: Certification of mattress for standard flammability resistance.\n- CertiPUR-US: Certification of polyurethane foam for indoor emissions, product performance, physical durability, and environmental responsibility.\n- OEKO-TEX: Certification of textile product for human and natural ecosystems safety.Product comes with a 10-year Manufacturer Warranty.",
    "features": "[ Dimensions ] - 80 x 60 x 10 inches\n[ 4 Layers ] - 1.5\" I-Gel Memory Foam + 1.5\" HD Foam + 2.5\" Convoluted HD Foam + 4.5\" HD Foam\n[ Temperature Regulating ] - I-Gel memory foam disperses body heat and regulates temperatures, creating a pleasant sleeping experience while maintaining the right body temperature\n[ Pressure Relieving ] - Responsive, medium firm, foam layers adapt and conform to unique body contours, providing optimal comfort while targeting all pressure points\n[ Stable Support ] - Durable high density foam guarantees stable support through excellent motion transfer and uniform weight distribution\n[ Premium Cover ] - Polyester spandex blue jacquard fabric resists wrinkles and enhances flexibility & durability, ensuring the CertiPUR-US certified mattress is both breathable and protected against moisture, dust and debris\n[ Bed-in-a-Box ] - Smart shipping & delivery with vacuum-sealed packaging technology. Please allow the product to rest in room temperature for 72 hours to fully expand and recover\n› See more product details",
    "lowest_price_date": "Nov 14, 2023",
    "lowest_price": "$149.00",
    "highest_price_date": "Nov 25, 2021",
    "highest_price": "$789.99",
    "current_price_date": "Nov 14, 2023"
  },
  {
    "title": "Chic Home 10 Piece Hannah Pinch Pleated, ruffled and pleated complete King Bed In a Bag Comforter Set Black With sheet set",
    "current_price": "$216.00",
    "list_price": "$224.00",
    "average_price": "$115.63",
    "category": "home-kitchen",
    "badge": "",
    "link": "https://camelcamelcamel.com/product/B016N09T70?active=price_amazon&context=popular",
    "amazon_title": "Chic Home 10 Piece Hannah Pinch Pleated, ruffled and pleated complete King Bed In a Bag Comforter Set Black With sheet set",
    "amazon_link": "https://www.amazon.com/dp/B016N09T70",
    "img": "https://m.media-amazon.com/images/I/81Rp0hWzfmL.__AC_SY300_SX300_QL70_FMwebp_.jpg",
    "description": "Turn any bedroom into a luxurious experience with the Chic Home Hannah Black 10 Piece Pinch Pleat King Size Comforter Set Specifications: Size: King Color: Black Piece Count: 10 Set Includes: 1pc Comforter (104Inches x 90Inches ) 4pc Sheet Set 2pc Shams (21Inches x 37Inches ) 1pc Decorative Pillow (16Inches x 16Inches ) 1pc Decorative Pillow (18Inches x 18Inches ) 1pc Breakfast Pillow (12Inches x 18Inches ) Shipping Dimensions (approx.): L 19.5\" x W 19.5\" x H 11.5\" Materials: Luxuriously brushed microfiber fabric, synthetic down alternative filling, Fabric and Design: Silky soft brushed microfiber material Fashion forward pinch pleated pintuck ruffled design Elegant and sophisticated look with color and design coordinated decorative pillows and sheets Features: Luxuriously soft feel for a great night sleep with less tossing and turning down alternative filling is perfect for those allergic to traditional down Just the right fill to keep you warm in the winter and cool in the summer Built to last with premium fabrics and expert stitching Care Instructions Dry clean preferred. Machine washable, use front loader machine (or top loader without agitator) to avoid tearing, use cold water on gentle cycle, tumble dry low Add 2 tennis balls to the dryer to speed up drying and add fluffiness Ready to transform your bedroom? Just scroll up and click “Add to CartInches ! Quantities are limited so hurry.",
    "features": "Microfiber\nMade in the USA or Imported\nSUPER SOFT PLUSH LUXURIOUS MICROFIBER – The Chic Home Hannah comforter is made with premium quality brushed microfiber – No more rustling and crinkling as you toss and turn to get comfortable. Just quiet peaceful sleep with an amazingly soft comforter cover.\nALTERNATIVE DOWN FILLING – The Hannah King size comforter is stuffed with 100% synthetic filling – Perfect for anyone with allergies looking to breathe and sleep easy, especially children and the elderly\nSTAY WARM AND COOL UNDER ONE COVER – Be comfortable all year round with the Hannah comforter King by Chic Home – Stuffed with lightweight synthetic down alternative filling the comforter will keep you warm in the winter and cool in the summer\nA BED IN A BAG BUILT TO LAST – The Chic Home Hannah King comforter set is made with strict quality control standards and comes with everything you need for a bedding makeover. With a King size comforter, sheet set, decorative pillows and shams, this set is all you need to transform your décor and elevate your style. Add one to cart today and turn your bedroom into a Chic Home.",
    "lowest_price_date": "Jan 07, 2017",
    "lowest_price": "$74.69",
    "highest_price_date": "Aug 24, 2023",
    "highest_price": "$240.00",
    "current_price_date": "Nov 15, 2023"
  },
  {
    "title": "Sargent Art 120 Piece Assortment Colored Pencils, Writing, Drawing, Illustration, 56 Colors Including Gold and Silver, Non-Toxic",
    "current_price": "$22.89",
    "list_price": "$23.34",
    "average_price": "$15.57",
    "category": "home-kitchen",
    "badge": "",
    "link": "https://camelcamelcamel.com/product/B01LTHOR74?active=price_amazon&context=popular",
    "amazon_title": "Sargent Art 120 Piece Assortment Colored Pencils, Writing, Drawing, Illustration, 56 Colors Including Gold and Silver, Non-Toxic",
    "amazon_link": "https://www.amazon.com/dp/B01LTHOR74",
    "img": "https://m.media-amazon.com/images/I/91kHWDhdo6L.__AC_SY300_SX300_QL70_FMwebp_.jpg",
    "description": "Sargent Art colored pencils are a great set of assorted pencils for creating vibrant art. It is also a great choice for art professionals who use color on different types of paper and canvasses. It is safe and non-toxic and pre-sharpened ready to use from the pack.",
    "features": "Supports Creativity: These neon colored pencils encourage creativity in their use, with a variety of bright, vibrant colors. Perfect for all types of persons, beginner or expert.\nVariety Of Colors: This set of neon colored pencils has an awesome variety of Variety Of Colors: This set of neon colored pencils has an awesome variety of 120 different, bright colors included., bright colors included.\nEnvironmentally Friendly: These colored pencils are made of wood and as such, are environmentally friendly. Can be disposed directly without adverse effect to the environment.\nSafe for Use: All our colored pencils are safe and non-toxic.\nPre-Sharpened: The colored pencils come sharpened for first use, eliminating the need to sharpen before usage for the very first time. It is straight to the point as soon as you unpack.",
    "lowest_price_date": "Nov 13, 2023",
    "lowest_price": "$11.10",
    "highest_price_date": "Jul 26, 2023",
    "highest_price": "$27.89",
    "current_price_date": "Nov 15, 2023"
  },
  {
    "title": "Drinkmate OmniFizz Sparkling Water and Soda Maker, Carbonates Any Drink Without Diluting It, CO2 Cylinder Not Included (Royal Red)",
    "current_price": "$79.99",
    "list_price": "$110.99",
    "average_price": "$114.93",
    "category": "home-kitchen",
    "badge": "Good Deal",
    "link": "https://camelcamelcamel.com/product/B01EDNNGMI?active=price_amazon&context=popular",
    "amazon_title": "Drinkmate OmniFizz Sparkling Water and Soda Maker, Carbonates Any Drink Without Diluting It, CO2 Cylinder Not Included (Royal Red)",
    "amazon_link": "https://www.amazon.com/dp/B01EDNNGMI",
    "img": "https://m.media-amazon.com/images/I/51Zb91J07DL.__AC_SX300_SY300_QL70_FMwebp_.jpg",
    "description": "Product Description\nDrinkmate OmniFizz Sparkling Water and Soda Maker, Sparkles ANY Beverage\nGo BEYOND Sparkling Water\nIsn't it time to add more sparkle to your life? With the Drinkmate OmniFizz beverage carbonator, you can quickly and easily carbonate any beverage. You can directly add delicious bubbles to cold water, juices, iced tea, energy drinks, wine, cocktails and even flat soda or beer. Transform simple drinks into sparkling delights in seconds without having to dilute them with soda water.\nWhat will you sparkle next? Unleash your creativity and make healthy, delicious drinks that are only possible with Drinkmate!\nWhat distinguishes the Drinkmate from other soda makers?\nWith its patented attachment, the Fizz Infuser, the OmniFizz can sparkle ANY drink, not just water!\nWhat is the Fizz Infuser and how does it work?\nThe Fizz Infuser is placed directly on the bottle, so the OmniFizz itself never comes into contact with liquid. Other devices connect the bottle directly to the machine, creating a mess that's impossible to clean. The Fizz Infuser has a two-stage pressure valve, so pressure release can be easily controlled for a slow release to prevent any mess with heavily foaming drinks.\nSpecifications\nDrinkmate OmniFizz carbonates ANY drink with just the push of a button.\nNo electricity or batteries required.\nHand wash only.\nSmall footprint for any countertop: 8\"L x 5\"W x 16\"H\nSAFE, FAST, AND EASY TO USE\nOur patented Fizz Infuser technology makes sparkling your favorite beverages safe, fast, and easy! With other soda makers, you can only sparkle water, but thanks to the Fizz Infuser, the Drinkmate OmniFizz can sparkle ANY drink! Safe and easy operation. No electricity or batteries required. Hand wash only.\nDRINK HEALTHIER\nTired of drinks with ingredient lists filled with dozens of chemicals you've never heard of? With Drinkmate, you're in full control. The only limitation is your own imagination.\nSPARKLE ANY DRINK, NOT JUST WATER\nEnjoy sparkling water as well as juices, wine, tea, and cocktails. Flat soda or beer? No problem! With the Drinkmate OmiFizz, you can carbonate ANY drink at the touch of a button!\nTechnical Specifications (OmniFizz)\nLength 8 inches\nWidth 5 inches\nHeight 16 inches\nNet Weight 2.6 lbs\nWhy Drinkmate?\nIt's no secret that there are hundreds of home soda machines on the market, so what makes Drinkmate special? That's simple. Drinkmate can go beyond sparkling water. Juice, tea, sports drinks, flat beer, wine, cocktails... the possibilities are endless. No mess, no fuss.\nWhat will you sparkle next?",
    "features": "CARBONATES ANY DRINK, NOT JUST WATER: Enjoy the sensation of sparkling water, juices, wine, cocktails, and even flat soda or beer. The Drinkmate OmniFizz soda maker puts you in control with the push of a button.\nDRINK HEALTHIER AND REDUCE PLASTIC BOTTLE WASTE: With the Drinkmate OmniFizz carbonator machine, you can avoid excess sugar and harmful chemicals, stay hydrated, and help the environment by carbonating drinks at home!\nSAFE, QUICK AND EASY TO OPERATE: Our patented Fizz Infuser technology makes it safe and simple to use. No electricity or batteries required. Fizz Infuser and PET bottles hand wash only.\nINCLUDES: Drinkmate OmniFizz sparkling beverage maker, one reusable 1L BPA-Free Carbonating Quick-Connect Bottle with volume measurement lines, and Fizz Infuser. CO2 supplies and additional accessories sold separately.\nPOWERED BY FOOD GRADE CO2 GAS: Compatible with all brands of standard 60L CO2 threaded cartridges in North America (including Drinkmate, SodaStream blue label and Soda Sense). Exchange empty cylinders with Drinkmate's convenient online exchange program.",
    "lowest_price_date": "Apr 17, 2020",
    "lowest_price": "$76.99",
    "highest_price_date": "Jul 17, 2023",
    "highest_price": "$158.99",
    "current_price_date": "Nov 15, 2023"
  },
  {
    "title": "Intelligent Design Raina King / Cal King Comforter Set, Soft Microfiber Comforter Set King, Modern Geometric Metallic Bed Set, 5 Pieces College Bedding Comforter Set with 2 Shams, 2 Toss Pillows Ivory",
    "current_price": "$24.99",
    "list_price": "$94.99",
    "average_price": "$68.48",
    "category": "home-kitchen",
    "badge": "",
    "link": "https://camelcamelcamel.com/product/B07CZYK8XW?active=price_amazon&context=popular",
    "amazon_title": "Intelligent Design Raina King / Cal King Comforter Set, Soft Microfiber Comforter Set King, Modern Geometric Metallic Bed Set, 5 Pieces College Bedding Comforter Set with 2 Shams, 2 Toss Pillows Ivory",
    "amazon_link": "https://www.amazon.com/dp/B07CZYK8XW",
    "img": "https://m.media-amazon.com/images/I/81RlUnMOsGL.__AC_SX300_SY300_QL70_FMwebp_.jpg",
    "description": "Freshen up your bedroom with the enchanting style of Intelligent Design’s Raina Comforter Set. The stunning comforter flaunts a geometric, metallic gold print against a soft ivory ground for a fun and eye-catching look! Matching sham(s) echo the design seen on top of the bed to pull the entire ensemble together. Two embroidered decorative pillows with typography and metallic details complete this fabulous, ultra-soft microfiber comforter set.",
    "features": "Polyester\nModern Comforter Set: Freshen up your home with the enchanting style of Intelligent Design’s Raina bedroom set King Bedding. The stunning metallic comforter set flaunts a trendy geometric print with a fun and striking contrast\nTrendy Metallic Design: Ivory bedding queen size with metallic accent features soft brushed microfiber for ultra soft feel bedding comforter set for you to snuggle and experience a restful night sleep\nPremium Product: Hygienically treated to naturally keep your bedding/linen clean and fresh for longer periods providing you with peace of mind. Always clean and wash this product thoroughly before and after each use\nGeometric Comforter Set: (1) comforter 104” x 90”, (2) shams 20” x 36”, (2) decorative pillows 12” x 16” and 16” x 16”\nEasy Care: Machine wash cold, gentle cycle, and separately. Do not bleach. Tumble dry low, remove promptly, and do not iron",
    "lowest_price_date": "Nov 12, 2023",
    "lowest_price": "$20.99",
    "highest_price_date": "Apr 03, 2020",
    "highest_price": "$123.21",
    "current_price_date": "Nov 15, 2023"
  },
  {
    "title": "ROCKPOINT Argus Lift-Top Wood Coffee Table, Penguin Black",
    "current_price": "$64.74",
    "list_price": "$99.90",
    "average_price": "$142.97",
    "category": "home-kitchen",
    "badge": "Best Price",
    "link": "https://camelcamelcamel.com/product/B07L855RM6?active=price_amazon&context=popular",
    "amazon_title": "ROCKPOINT Argus Lift-Top Wood Coffee Table, Penguin Black",
    "amazon_link": "https://www.amazon.com/dp/B07L855RM6",
    "img": "https://m.media-amazon.com/images/I/71wvbmvpZrL.__AC_SY300_SX300_QL70_FMwebp_.jpg",
    "description": "This ROCKPOINT Furniture Lift-Top Coffee Table, Estate Black Finish measures 41.1\" length x 19.4\" width x 19\" height.",
    "features": "Lift-top coffee table provides functional space and sleek transitional style\nMade of engineered wood and finished on all sides for easy placement in a room\nTop lifts up and forward creating a versatile work surface; hidden storage space beneath the lid\n3 open cubbies down below offer added space for storage or decorative display\nMeasures 41.1 by 19.5 by 19.1 inches (LxWxH); ships ready-to-assemble with step-by-step instructions\n› See more product details",
    "lowest_price_date": "Nov 14, 2023",
    "lowest_price": "$64.74",
    "highest_price_date": "Sep 03, 2022",
    "highest_price": "$185.90",
    "current_price_date": "Nov 14, 2023"
  },
  {
    "title": "De'Longhi Stilosa Manual Espresso Machine, Latte & Cappuccino Maker, 15 Bar Pump Pressure + Milk Frother Steam Wand, Black / Stainless, EC260BK, 13.5 x 8.07 x 11.22 inches",
    "current_price": "$99.95",
    "list_price": "$109.99",
    "average_price": "$110.53",
    "category": "home-kitchen",
    "badge": "",
    "link": "https://camelcamelcamel.com/product/B08C96BG9H?active=price_amazon&context=popular",
    "amazon_title": "De'Longhi Stilosa Manual Espresso Machine, Latte & Cappuccino Maker, 15 Bar Pump Pressure + Milk Frother Steam Wand, Black / Stainless, EC260BK, 13.5 x 8.07 x 11.22 inches",
    "amazon_link": "https://www.amazon.com/dp/B08C96BG9H",
    "img": "https://m.media-amazon.com/images/I/81c3ItE+jyL._AC_SX300_SY300_.jpg",
    "description": "Now you can incorporate delicious espresso drinks into your daily routine. Introducing Stilosa by De’Longhi. Created for those embarking on their espresso journey, this elegantly designed machine allows you to easily craft authentic espressos, lattes and cappuccinos in the comfort of your own home. The 15 bar pump creates the optimal pressure to extract a single or double espresso according to espresso brewing standards. An ergonomically designed portafilter has two filters, for single or double espresso. A separate tamper provides an additional control of even and consistent pressure for a better extraction. The two level cup holder accommodates taller cups. The heart of Stilosa – the durable Stainless steel boiler is engineered to last long and work for years with consistent performance, unlike the competition. The manual milk frother mixes steam and milk to create a rich, creamy froth for evenly textured lattes and cappuccinos just the way you like them. Stilosa’s sleek, refined design and stainless steel elements make this the perfect addition to your kitchen countertop, without taking up too much space. On top of that it’s simple to clean and maintain, to ensure your espresso machine lasts longer. Your at-home espresso journey starts now with Stilosa.\n\nWhat's included:\nEspresso Machine\nPortafilter\nTamper\nFilter for Single & Double Espresso\nMeasuring Spoon\nInstruction Manual & Quick Start Guide\n1 Year Warranty.",
    "features": "Note: 1)Too coarse a grind, too little coffee, or insufficiently tamping the grounds before brewing can all lead to inadequate pressure for a proper brew\nBrew lattes, cappuccinos and espressos in a comfort of your home\nContemporary and Compact Design: The perfect addition to your modern kitchen countertop, without taking up too much space, plus it’s easy to clean\n15 BAR Pump: The optimal pressure to extract a single or double espresso, so your coffee drink comes out perfectly rich.\nManual Milk Frother: Texture your milk with ease to create an authentic cappuccino, latte or flat white..Stainless Steel Boiler. Auto shut-off",
    "lowest_price_date": "Nov 22, 2020",
    "lowest_price": "$79.96",
    "highest_price_date": "Apr 26, 2023",
    "highest_price": "$119.99",
    "current_price_date": "Nov 17, 2023"
  },
  {
    "title": "MCS Master & Co. Foundry Metal Gallery Wall Frame, Black, 11 x 14 in matted to 5 x 7 in",
    "current_price": "$44.59",
    "list_price": "$29.99",
    "average_price": "$46.96",
    "category": "home-kitchen",
    "badge": "Best Price",
    "link": "https://camelcamelcamel.com/product/B08LW1KZQW?active=price_amazon&context=popular",
    "amazon_title": "MCS Master & Co. Foundry Metal Gallery Wall Frame, Black, 11 x 14 in matted to 5 x 7 in",
    "amazon_link": "https://www.amazon.com/dp/B08LW1KZQW",
    "img": "https://m.media-amazon.com/images/I/71QR7pEMhcL.__AC_SX300_SY300_QL70_FMwebp_.jpg",
    "description": "The MCS 11x14 inch Foundry Gallery Wall Frame is a modern and sophisticated display for photos and artwork. The frame is crafted of aluminum, and features a contemporary black finish with linear brushing that gives this frame a luxurious look. The front of the frame features shatter resistant glass which helps prevent breakage. Easily add your photo or artwork using the easy to use turn buttons. Hanging is a breeze, with the attached saw tooth hangers for vertical or horizontal wall hanging. The frame features a white mat that perfectly showcases an 8x10 inch photograph. The mat can be removed to feature an 11x14 inch photograph. Pair this frame with other sizes or finishes in this collection for that show stopping gallery wall you've been dreaming of.",
    "features": "MODERN DESIGN: The Metal frame features a .375\" wide profile and a sophisticated black finish with linear brushing, creating a sleek and contemporary display for your favorite photos or artwork\nDIMENSIONS: This frame measures 11.375x14.375 inches and includes an acid free white mat to feature a 5x7 inch photograph or art print; If mat is removed frame will feature an 11x14 inch photograph or art print\nQUALITY CONSTRUCTION: Each frame is constructed of aluminum metal and a shatter resistant tempered glass front to prevent breakage\nEASY TO USE: Easy to use turn buttons make adding your photograph a breeze; Pre-attached saw tooth hangers are included for simple vertical or horizontal wall hanging\nWALL DECOR: With a passion for design, trend and functionality, MCS delivers best-in-class products that help make your house a home; Create a contemporary and sophisticated gallery wall using The Foundry Gallery Frame Collection",
    "lowest_price_date": "Nov 13, 2023",
    "lowest_price": "$25.50",
    "highest_price_date": "Nov 04, 2023",
    "highest_price": "$82.99",
    "current_price_date": "Nov 16, 2023"
  },
  {
    "title": "LEGO Icons Wildflower Bouquet 10313 Set - Artificial Flowers with Poppies and Lavender, Adult Collection, Unique Home Décor, Botanical Piece for Wife, Spring Flowers",
    "current_price": "$47.99",
    "list_price": "$59.99",
    "average_price": "$53.91",
    "category": "home-kitchen",
    "badge": "Best Price",
    "link": "https://camelcamelcamel.com/product/B0BGQL5B3Q?active=price_amazon&context=popular",
    "amazon_title": "LEGO Icons Wildflower Bouquet 10313 Set - Artificial Flowers with Poppies and Lavender, Adult Collection, Unique Home Décor, Botanical Piece for Wife, Spring Flowers",
    "amazon_link": "https://www.amazon.com/dp/B0BGQL5B3Q",
    "img": "https://m.media-amazon.com/images/I/818UxJzyshL.__AC_SX300_SY300_QL70_FMwebp_.jpg",
    "description": "Giving and receiving flowers is always joyful, and this LEGO Icons Wildflower Bouquet (10313) crafts set for adults puts a creative spin on a timeless gift. Why not celebrate the next special occasion by sending a loved one LEGO flowers that will never wither or need to be watered? Part of the LEGO Botanical Collection, this set for adults is crafted entirely from intricate LEGO pieces. The vibrant flower bouquet features 8 species of wildflowers on adjustable stems. Budding florists and flower lovers can spend hours building and identifying the blooms inspired by cornflowers, lavender, Welsh poppies, cow parsley, leatherleaf ferns, gerbera daisies, larkspur and lupins. Once complete, these LEGO flowers can be displayed in a favorite vase to become an eye-catching piece of home décor that will plant seeds of joy in whichever room they’re placed. This set is part of the LEGO Botanical Collection, which includes elements of plant-based plastic, made using sustainably sourced sugar cane, and makes a fantastic unique gift for flower lovers that will brighten up any home.",
    "features": "Cultivate Creativity - Build and display a lifelike LEGO Icons Wildflower Bouquet with this immersive building project for adults. Please note, a vase is not included\nTailor and Adjust – The set features 16 individual stems that can be adjusted, allowing you to tailor the height of the flowers and experiment with different arrangements\nDIY Floral Decor – Once complete, this bouquet can be displayed in your own vase as a centerpiece of home decor. Perfect for adding a touch of elegance to any room in your house\nWildflower Delight –Create a stunning LEGO Icons Wildflower Bouquet with our DIY set! Perfect for florists and flower lovers alike\nEndless Possibilities – Elevate your LEGO flower bouquet game with this versatile building set! Combine with the LEGO Icons Flower Bouquet (10280) to create larger or multiple bouquets. Endless creative possibilities await\nLEGO Master - Be Inspired by a LEGO Master when building this fun set. You can combine it with other LEGO Icons Botanical sets to make an even more beautiful arrangement",
    "lowest_price_date": "Oct 05, 2023",
    "lowest_price": "$47.99",
    "highest_price_date": "Jun 02, 2023",
    "highest_price": "$59.99",
    "current_price_date": "Oct 05, 2023"
  },
  {
    "title": "Yankee Candle Studio Medium Candle, Lemon Lavender, 10 oz, Home Décor",
    "current_price": "$9.98",
    "list_price": "$16.00",
    "average_price": "$12.11",
    "category": "home-kitchen",
    "badge": "Best Price",
    "link": "https://camelcamelcamel.com/product/B0BLX8D4J3?active=price_amazon&context=popular",
    "amazon_title": "Yankee Candle Studio Medium Candle, Lemon Lavender, 10 oz, Home Décor",
    "amazon_link": "https://www.amazon.com/dp/B0BLX8D4J3",
    "img": "https://m.media-amazon.com/images/I/613gIqWT3lL.__AC_SX300_SY300_QL70_FMwebp_.jpg",
    "description": "The Yankee Candle® Studio Collection is intentionally designed to fit seamlessly into your home. Each of these simply sophisticated, colored glass candles offers high-quality Yankee Candle fragrances made with essential oils. They can help create welcoming ambiance that makes everyday moments special for you and your loved ones.",
    "features": "Available in a variety of favorite Yankee Candle fragrances, made with essential oils\nSimple & uniquely-shaped colored glass jar\nPremium soy-wax blend\nWick made with natural fibers\nBurn time: 40-65 hours\nSuitable for many gifting occasions - this candle is a perfect gift for women/mom/girlfriend/sister/teacher/grandma! It can also add variety to your holiday/Christmas gifting as a stocking stuffer, secret Santa or white elephant gift.",
    "lowest_price_date": "Aug 18, 2023",
    "lowest_price": "$9.98",
    "highest_price_date": "Nov 13, 2023",
    "highest_price": "$20.75",
    "current_price_date": "Nov 13, 2023"
  },
  {
    "title": "Ball Wide Mouth Pint Canning Jars, 12 Pack, Clear",
    "current_price": "$19.97",
    "list_price": "$36.99",
    "average_price": "$32.52",
    "category": "home-kitchen",
    "badge": "Best Price",
    "link": "https://camelcamelcamel.com/product/B0BPWB5FGC?active=price_amazon&context=popular",
    "amazon_title": "Ball Regular Mouth Pint",
    "amazon_link": "https://www.amazon.com/dp/B0BPWB5FGC",
    "img": "https://m.media-amazon.com/images/I/71wcfEcuuWL.__AC_SY445_SX342_QL70_FMwebp_.jpg",
    "lowest_price_date": "Nov 07, 2023",
    "lowest_price": "$19.97",
    "highest_price_date": "Sep 06, 2023",
    "highest_price": "$36.99",
    "current_price_date": "Nov 07, 2023"
  },
  {
    "title": "YITAHOME Round Lift Top Coffee Table, Marble Coffee Tables for Living Room with Storage, White Modern Coffee Table with Storage for Home Office, Round Center Tables Living Room, White and Gold",
    "current_price": "$113.98",
    "list_price": "$149.99",
    "average_price": "$132.01",
    "category": "home-kitchen",
    "badge": "Good Deal",
    "link": "https://camelcamelcamel.com/product/B0BZNMQ8L1?active=price_amazon&context=popular",
    "amazon_title": "YITAHOME Round Lift Top Coffee Table,Marble Coffee Tables for Living Room with Storage,White Modern Coffee Table with Storage for Home Office,Round Center Tables Living Room,White and Gold",
    "amazon_link": "https://www.amazon.com/dp/B0BZNMQ8L1",
    "img": "https://m.media-amazon.com/images/I/91U5BI-D6DL.__AC_SX300_SY300_QL70_FMwebp_.jpg",
    "description": "Lift top design: Round coffee table has a unique lift top work surface, allowing you to work, write or dine comfortably on the sofa. Heavy-duty metal lift mechanism ensures that the tabletop is raised or lowered gently and silently, avoiding violent vibrations, perfectly meeting your needs.",
    "features": "Lift top design: Round coffee table has a unique lift top work surface, allowing you to work, write or dine comfortably on the sofa. Heavy-duty metal lift mechanism ensures that the tabletop is raised or lowered gently and silently, avoiding violent vibrations, perfectly meeting your needs.\nHumanized design:Coffee table for living room is specially designed by YITAHOME designers to help you store many items. The hidden compartment below the top can store personal items such as laptops, books, glasses, etc.; the open shelves on the side can store small objects such as remote controls, potted plants, etc.; drawer dressers, storage drawers, etc. can also be placed under the storage coffee table, and lift top coffee table can become an entertainment world for your intimate pet.\nPremium & durable structure:Sturdy lift mechanism of coffee table helps you raise and lower the table top easily and gently. Coffee table with storage is made of sturdy double-layer thickened iron pipe and particle board, and the bottom round iron pipe design ensures the stability and durability of use. The round and smooth arc protects hands and avoids being scratched. Families with children and pets can use it with confidence.\nProtective pads: Modern coffee table package includes foam padding, which is package tested before delivery to ensure it is sent to you in perfect condition. In addition, there are four black cushion protection pad, which can be used for the round black tube and the four corners of the lifting table to protect the desktop, reduce friction and ensure quiet and safe use.\nFriendly service: The circle coffee table package comes with all necessary accessories and an illustrated instruction manual to help you install it easily.Each package is strictly tested.If you have any questions about our lift coffee table, please email us, we will provide you with the most reasonable solution in time.\n› See more product details",
    "lowest_price_date": "Nov 17, 2023",
    "lowest_price": "$113.98",
    "highest_price_date": "Aug 29, 2023",
    "highest_price": "$149.99",
    "current_price_date": "Nov 17, 2023"
  }
]