[
  {
    "title": "Solarmeter Model 8.0 UVC Lamp Meter, Handheld Digital UV Light Meter Radiometer and Light Bulb Tester for Testing Bulbs, Equipment & UV Blocking Glasses, 0-1999 μW/cm2 UVC, Made in USA",
    "current_price": "$60.30",
    "list_price": "$74.42",
    "average_price": "$138.09",
    "category": "industrial-scientific",
    "badge": "Best Price",
    "link": "https://camelcamelcamel.com/product/B01GT4EW9K?active=price_amazon&context=popular",
    "amazon_title": "Solarmeter Model 8.0 UVC Lamp Meter, Handheld Digital UV Light Meter Radiometer and Light Bulb Tester for Testing Bulbs, Equipment & UV Blocking Glasses, 0-1999 μW/cm2 UVC, Made in USA",
    "amazon_link": "https://www.amazon.com/dp/B01GT4EW9K",
    "img": "https://m.media-amazon.com/images/I/41zTd2cDlvL._SY445_SX342_QL70_FMwebp_.jpg",
    "description": "The Solarmeter Model 8.0 is the ideal handheld device for testing the quality and aging of your UVC light bulbs. Check that brand new bulbs are up to par with manufacturing standards and track their aging to replace them as soon as they're not working the way they should. The simple, one-hand operation of this device makes it easy to monitor light intensity levels of your UVGI equipment, making it easy to determine if your UVC bulbs are working efficiently. Also great for checking the efficacy of UV blocking eyewear and measuring lamp fixture leakage, our light meter comes with a NIST Traceable Calibration Certificate and runs on a single 9-volt DC Battery, which is included for your convenience.",
    "features": "UVC Lamp Meter - Make sure your UVC lamps are up to manufacturers' standards with this practical UV meter, perfect for testing UVC light bulbs, as well as checking the efficacy of UV blocking eyewear and measuring leakage for lamps\nChange Your Lamp Bulbs on Time - UVC bulbs decay over time and stop emitting the amount of light they should; with our Solarmeter, keeping track of your bulb's performance is easier than ever, and so is knowing when it's time to change it\nDisinfect with Confidence - UVC light is highly effective on surfaces and equipment; Make sure your UVC bulbs are providing the correct level of intensity to get the job done; Keep your Ultraviolet Irradiation (UVGI) equipment operating efficiently and stay safe\nEasy to Use - Compact, handheld, and durable, our Solarmeter UVC Light Tester features simple single button operation and an easy to read LCD Display; Powered by one 9-volt DC Battery (included) which lasts up to 2 years depending on use, this UVC light meter boasts NIST traceable accuracy\nAbout Us - We have been at the forefront in the design and manufacture of UV and Visible Light radiometers for measuring lamp irradiance vs aging, as well as other related applications such as reptile and sterilization lamp measurement; Since 1991, we've sold over 30,000 easy-to-use handheld light meters, giving thousands of people the opportunity to track their light sources in a reliable manner",
    "lowest_price_date": "Nov 13, 2023",
    "lowest_price": "$60.30",
    "highest_price_date": "Jul 08, 2020",
    "highest_price": "$249.00",
    "current_price_date": "Nov 13, 2023"
  },
  {
    "title": "Siglent Technologies SLA1016 Mixed Signal Hardware Option for The Four Channel SDS1000X-E and SDS2000X-E Oscilloscope Series",
    "current_price": "$335.00",
    "list_price": "$335.00",
    "average_price": "$325.80",
    "category": "industrial-scientific",
    "badge": "",
    "link": "https://camelcamelcamel.com/product/B08PDYLVYG?active=price_amazon&context=popular",
    "amazon_title": "Siglent Technologies SLA1016 Mixed Signal Hardware Option for The Four Channel SDS1000X-E and SDS2000X-E Oscilloscope Series",
    "amazon_link": "https://www.amazon.com/dp/B08PDYLVYG",
    "img": "https://m.media-amazon.com/images/I/31aLdDC4MrL._SY445_SX342_QL70_FMwebp_.jpg",
    "description": "Mixed Signal hardware option for the four-channel SDS1000X-E and SDS2000X-E oscilloscope series.",
    "features": "NOTE: The oscilloscope will require MSO activation license software (Part number SDS1000X-E-16LA or SDS2000X-E-16LA).\nAlso, Four-channel SDS1000X-E scopes require firmware version 6.1.20 or greater\nModel No: SLA1016\nitem package weight: 0.53 kilograms",
    "lowest_price_date": "Sep 05, 2022",
    "lowest_price": "$308.20",
    "highest_price_date": "Aug 25, 2023",
    "highest_price": "$336.61",
    "current_price_date": "Aug 28, 2023"
  }
]