[
  {
    "title": "Norton 360 Premium, 2024 Ready, Antivirus software for 10 Devices with Auto Renewal - Includes VPN, PC Cloud Backup & Dark Web Monitoring [Download]",
    "current_price": "$24.99",
    "list_price": "$99.99",
    "average_price": "$35.35",
    "category": "software",
    "badge": "",
    "link": "https://camelcamelcamel.com/product/B07Q6B5YL5?active=price_amazon&context=popular",
    "camel_img": "https://m.media-amazon.com/images/I/51RK6rMqItL._UL320_.jpg",
    "amazon_title": "Norton 360 Premium, 2024 Ready, Antivirus software for 10 Devices with Auto Renewal - Includes VPN, PC Cloud Backup & Dark Web Monitoring [Download]",
    "amazon_link": "https://www.amazon.com/dp/B07Q6B5YL5",
    "img": "https://m.media-amazon.com/images/I/71nruA4zR6L.__AC_SX300_SY300_QL70_FMwebp_.jpg",
    "description": "Norton 360 Premium gives you comprehensive malware protection for up to 10 PCs, Macs, Android or iOS devices, including 75GB of secure PC cloud backup and Secure VPN for your devices. Enrolling in our auto-renewing subscription and storing a payment method is required for activation and use.* We won't charge you until your renewal period. You will get an email reminder before we charge your payment method and can cancel your automatic renewal at any time in your Norton account. Also included are additional features such as Password Manager, Parental Controls, SafeCam that alerts you and blocks unauthorized access to your PC’s webcam, and Dark Web Monitoring,** where we monitor and notify you if we find your personal information on the dark web.",
    "features": "ONGOING PROTECTION Download instantly & install protection for up to 10 PCs, Macs, iOS or Android devices in minutes!\nREAL-TIME THREAT PROTECTION Advanced security protects against existing and emerging malware threats, including ransomware and viruses, and it won’t slow down your device performance\nSECURE VPN Browse anonymously and securely with a no-log VPN while using public Wi-Fi Add bank-grade encryption to help keep your information like passwords and bank details secure and private\nDARK WEB MONITORING will monitor and notify you if we find your personal information on the Dark Web**\n75GB SECURE PC CLOUD BACKUP store and help protect important files as a preventative measure to data loss due to hard drive failures, stolen devices and even ransomware***\nPRE-PAID SUBSCRIPTION A payment method must be stored in your Norton account to activate* You won’t be charged until the prepaid term ends For new Norton subscriptions only at an introductory price\nAUTO-RENEWAL Never have a service disruption since this subscription auto-renews annually If you do not wish to renew, you can cancel in your Norton account anytime",
    "lowest_price_date": "Nov 26, 2021",
    "lowest_price": "$19.99",
    "highest_price_date": "Jul 15, 2019",
    "highest_price": "$99.99",
    "current_price_date": "Nov 17, 2023"
  },
  {
    "title": "Norton 360 Premium, 2024 Ready, Antivirus software for 10 Devices with Auto Renewal - Includes VPN, PC Cloud Backup & Dark Web Monitoring [Key card]",
    "current_price": "$24.99",
    "list_price": "$99.99",
    "average_price": "$41.50",
    "category": "software",
    "badge": "",
    "link": "https://camelcamelcamel.com/product/B07QCVZW81?active=price_amazon&context=popular",
    "camel_img": "https://m.media-amazon.com/images/I/51+ue6XxeuL._UL320_.jpg",
    "amazon_title": "Norton 360 Premium, 2024 Ready, Antivirus software for 10 Devices with Auto Renewal - Includes VPN, PC Cloud Backup & Dark Web Monitoring [Key card]",
    "amazon_link": "https://www.amazon.com/dp/B07QCVZW81",
    "img": "https://m.media-amazon.com/images/I/81F1J67pSSL.__AC_SX300_SY300_QL70_FMwebp_.jpg",
    "description": "Norton 360 Premium gives you comprehensive malware protection for up to 10 PCs, Macs, Android or iOS devices, including 75GB of secure PC cloud backup and Secure VPN for your devices. Enrolling in our auto-renewing subscription and storing a payment method is required for activation and use.* We won't charge you until your renewal period. You will get an email reminder before we charge your payment method and can cancel your automatic renewal at any time in your Norton account. Also included are additional features such as Password Manager, Parental Controls, SafeCam that alerts you and blocks unauthorized access to your PC’s webcam, and Dark Web Monitoring,** where we monitor and notify you if we find your personal information on the dark web.",
    "features": "ONGOING PROTECTION Install protection for up to 10 PCs, Macs, iOS & Android devices - A card with product key code will be mailed to you (select ‘Download’ option for instant activation code)\nREAL-TIME THREAT PROTECTION Advanced security protects against existing and emerging malware threats, including ransomware and viruses, and it won’t slow down your device performance\nSECURE VPN Browse anonymously and securely with a no-log VPN while using public Wi-Fi Add bank-grade encryption to help keep your information like passwords and bank details secure and private\nDARK WEB MONITORING will monitor and notify you if we find your personal information on the Dark Web\n75GB SECURE PC CLOUD BACKUP store and help protect important files as a preventative measure to data loss due to hard drive failures, stolen devices and even ransomware\nPRE-PAID SUBSCRIPTION A payment method must be stored in your Norton account to activate You won’t be charged until the prepaid term ends For new Norton subscriptions only at an introductory price\nAUTO-RENEWAL Never have a service disruption since this subscription auto-renews annually If you do not wish to renew, you can cancel in your Norton account anytime",
    "lowest_price_date": "Nov 29, 2019",
    "lowest_price": "$19.99",
    "highest_price_date": "Jun 24, 2019",
    "highest_price": "$99.99",
    "current_price_date": "Nov 17, 2023"
  },
  {
    "title": "Norton 360 Deluxe, 2024 Ready, Antivirus software for 5 Devices with Auto Renewal - Includes VPN, PC Cloud Backup & Dark Web Monitoring [Key Card]",
    "current_price": "$19.99",
    "list_price": "$89.99",
    "average_price": "$31.66",
    "category": "software",
    "badge": "",
    "link": "https://camelcamelcamel.com/product/B07QLYWQRQ?active=price_amazon&context=popular",
    "camel_img": "https://m.media-amazon.com/images/I/511hxhMpxpL._UL320_.jpg",
    "amazon_title": "Norton 360 Deluxe, 2024 Ready, Antivirus software for 5 Devices with Auto Renewal - Includes VPN, PC Cloud Backup & Dark Web Monitoring [Key Card]",
    "amazon_link": "https://www.amazon.com/dp/B07QLYWQRQ",
    "img": "https://m.media-amazon.com/images/I/81EJrpfefVL.__AC_SX300_SY300_QL70_FMwebp_.jpg",
    "description": "Norton 360 Deluxe gives you comprehensive malware protection for up to 5 PCs, Macs, Android or iOS devices, including 50GB of secure PC cloud backup and Secure VPN for your devices. Enrolling in our auto-renewing subscription and storing a payment method is required for activation and use.* We won't charge you until your renewal period. You will get an email reminder before we charge your payment method and can cancel your automatic renewal at any time in your Norton account. Also included are additional features such as Password Manager, Parental Controls, SafeCam that alerts you and blocks unauthorized access to your PC’s webcam, and Dark Web Monitoring,** where we monitor and notify you if we find your personal information on the dark web.",
    "features": "ONGOING PROTECTION Install protection for up to 5 PCs, Macs, iOS & Android devices - A card with product key code will be mailed to you (select ‘Download’ option for instant activation code)\nREAL-TIME THREAT PROTECTION Advanced security protects against existing and emerging malware threats, including ransomware and viruses, and it won’t slow down your device performance\nSECURE VPN Browse anonymously and securely with a no-log VPN while using public Wi-Fi Add bank-grade encryption to help keep your information like passwords and bank details secure and private\nDARK WEB MONITORING will monitor and notify you if we find your personal information on the Dark Web\n50GB SECURE PC CLOUD BACKUP store and help protect important files as a preventative measure to data loss due to hard drive failures, stolen devices and even ransomware\nPRE-PAID SUBSCRIPTION A payment method must be stored in your Norton account to activate You won’t be charged until the prepaid term ends For new Norton subscriptions only at an introductory price\nAUTO-RENEWAL Never have a service disruption since this subscription auto-renews annually If you do not wish to renew, you can cancel in your Norton account anytime\nNOTE: This product does not work on Chromebooks",
    "lowest_price_date": "Nov 27, 2019",
    "lowest_price": "$9.99",
    "highest_price_date": "Jan 15, 2023",
    "highest_price": "$89.99",
    "current_price_date": "Nov 17, 2023"
  },
  {
    "title": "TurboTax Premier 2023 Tax Software, Federal & State Tax Return [Amazon Exclusive] [PC/Mac Download]",
    "current_price": "$82.99",
    "list_price": "$104.99",
    "average_price": "$90.32",
    "category": "software",
    "badge": "Best Price",
    "link": "https://camelcamelcamel.com/product/B0CLBVVRF3?active=price_amazon&context=popular",
    "camel_img": "https://m.media-amazon.com/images/I/41q51Ai49rL._UL320_.jpg",
    "amazon_title": "TurboTax Premier 2023 Tax Software, Federal & State Tax Return [Amazon Exclusive] [PC/Mac Download]",
    "amazon_link": "https://www.amazon.com/dp/B0CLBVVRF3",
    "img": "https://m.media-amazon.com/images/I/71ABLSmFI3L.__AC_SY445_SX342_QL70_FMwebp_.jpg",
    "description": "TurboTax 2023 – File your taxes with 100% confidence\nTurboTax is tailored to your unique situation. It searches for hundreds of deductions and credits and handles even the toughest tax situations, so you can be confident you’re getting every dollar you deserve.\n• Recommended if you sold stock, bonds or mutual funds, sold employee stock, own rental property or are a trust beneficiary\n• Includes 5 Federal e-files and 1 State via download ($40 value). State e-file sold separately. Free U.S.-based product support (hours may vary).\n• Your downloaded software resides on your computer, so you can view and manage your tax data (Intuit Account required)\n• Searches 350+ deductions and credits, so you can keep more of your investment income\n• Helps you report sales of stocks, bonds, and mutual funds, plus calculate capital gains/losses\n• Up-to-date with the latest tax laws so you have the latest information\n• Retirement tax help and IRA tool show how to get more money back this year and when you retire\n• Avoid mistakes by importing W-2s, investment & mortgage information from participating companies\n• Audit Risk Meter checks your return for audit triggers and shows your risk level\n• Runs thousands of checks before you file to help identify missing deductions or credits",
    "features": "Recommended if you sold stock, bonds or mutual funds, sold employee stock, own rental property or are a trust beneficiary\nIncludes 5 Federal e-files and 1 State via download ($40 value). State e-file sold separately. Free U.S.-based product support (hours may vary).\nGet your taxes done right and keep more of your investment and rental property income\nStep-by-step guidance on stocks, bonds, ESPPs and other investment income\nUp-to-date with the latest tax laws",
    "lowest_price_date": "Nov 08, 2023",
    "lowest_price": "$82.99",
    "highest_price_date": "Nov 07, 2023",
    "highest_price": "$104.99",
    "current_price_date": "Nov 08, 2023"
  }
]