[{"title": "INTEX 58332EP Explorer 300 Inflatable Boat Set: Includes Deluxe Aluminum Oars and Mini Hand-Pump – 3-Person – Dual Air Chambers – Grab Rope – 410lb Weight Capacity", "current_price": "$17.99", "list_price": "$47.99", "average_price": "$35.38", "category": "sports-outdoors", "badge": "", "link": "https://camelcamelcamel.com/product/B005OHEYVA?active=price_amazon&context=popular", "camel_img": "https://m.media-amazon.com/images/I/41mgP6d9E7L._UL320_.jpg", "amazon_title": "INTEX Explorer Inflatable Boat Series: Dual Air Chambers – Welded Oar Locks – Grab Handles – Bow Rope – Sporty Design", "amazon_link": "https://www.amazon.com/dp/B005OHEYVA", "img": "https://m.media-amazon.com/images/I/71bKT9HL5gL.__AC_SY300_SX300_QL70_FMwebp_.jpg", "features": "✔ INCLUDES DELUXE 48\" ALUMINUM BOAT OARS – Paddle away this summer with 48 inch Deluxe Aluminum Oars! They are incredibly easy to assemble and feature a retainer ring that fits into boat oar locks\n✔ WELDED ON OAR LOCKS – The Intex Explorer 300 has welded-on oar locks, which means that you can attach the deluxe aluminum oars to the boat for secure rowing\n✔ 2 AIR CHAMBERS WITH DOUBLE VALVES – The two chambers allows for quicker and easier inflation, as the user can use both chambers simultaneously to fill the boat with air\n✔ INCLUDES REPAIR PATCH – Repair any holes on your Explorer with the repair patch; the repair patch is a useful accessory that can help extend the life of the boat and ensure that it remains safe and functional for longer\n✔ 3 PERSON CAPACITY – The Explorer 300 is a 3 person boat with a maximum weight of 410 pounds; when inflated, the boat is approximately 6.11 feet X 3.10 feet X 1.4 feet\n✔  CUSTOMER SATISFACTION – Our dedicated customer service team is available via phone, chat, or email to help with any questions you may have on use, installation, or service needs; INTEX's 90-Day Manufacturer Limited Warranty gives you peace of mind", "lowest_price_date": "Jan 12, 2014", "lowest_price": "$14.58", "highest_price_date": "Sep 24, 2020", "highest_price": "$94.99"}, {"title": "Bowflex SelectTech 552 Adjustable Dumbbells (Pair) and Stand Bundle", "current_price": "$478.00", "list_price": "$608.00", "average_price": "$553.76", "category": "sports-outdoors", "badge": "", "link": "https://camelcamelcamel.com/product/B077ZGS799?active=price_amazon&context=popular", "camel_img": "https://m.media-amazon.com/images/I/419Hp1HA+BL._UL320_.jpg", "amazon_title": "Bowflex SelectTech 552 Adjustable Dumbbells (Pair) and Stand Bundle", "amazon_link": "https://www.amazon.com/dp/B077ZGS799", "img": "https://m.media-amazon.com/images/I/71Wu5mKvxKL.__AC_SX300_SY300_QL70_FMwebp_.jpg", "description": "With just the turn of a dial you can automatically change your resistance from 5 lbs. all the way up to 52.5 lbs of weight. No more picking up 30 different dumbbells to get the results you want, this adjustable dumbbell replaces 15 sets of weights! All you need is a SelectTech 552 Dumbbell to transform your body for good. Our JRNY Mobile-Only Membership with Motion Tracking is ideal for strength training at home or on the go; try it free for 2 months from your phone or tablet.\nYour workout just got smarter. The Bowflex® SelectTech Dumbbell Stand with Media Rack provides one convenient place for weights and technology, making it the perfect combination of form meets function. Designed with safety in mind, you’ll never have to bend down to pick up weight – ever again. With easy access to programs, training videos and more, you can focus on goals and leave the guesswork behind. Once you go rack, you’ll never go back. Compatible with Bowflex® SelectTech® 552, 560 and 1090 dumbbells.\n*JRNY® subscription required. JRNY® subscription auto renews annually at then-current annual rates, plus applicable taxes, unless canceled at least 48 hours before free period ends. Streaming subscriptions not included.", "features": "Try our JRNY Mobile-Only Membership for 2 months, free\nGet Motion Tracking, trainer-led workouts and so much more with a JRNY Mobile-Only Membership\nJRNY with Motion Tracking technology counts your reps and tracks your form in real-time\nAdjusts from 5 - 52.5 lbs\nReplaces 15 sets of weights\nWeight selection dial\n5, 7.5, 10, 12.5, 15, 17.5, 20, 22.5, 25, 30, 35, 40, 45, 50, and 52.5 lb.\nShow more", "lowest_price_date": "Jan 03, 2018", "lowest_price": "$299.99", "highest_price_date": "Jun 03, 2021", "highest_price": "$615.21", "current_price_date": "Nov 17, 2023"}, {"title": "AmazonBasics Soft-Sided Golf Travel Bag - Maroon", "current_price": "$15.38", "list_price": "$39.68", "average_price": "$47.89", "category": "sports-outdoors", "badge": "Best Price", "link": "https://camelcamelcamel.com/product/B07LFR2WXC?active=price_amazon&context=popular", "camel_img": "https://m.media-amazon.com/images/I/31i8Ras9avL._UL320_.jpg", "amazon_title": "Amazon Basics Soft-Sided Golf Travel Bag", "amazon_link": "https://www.amazon.com/dp/B07LFR2WXC", "img": "https://m.media-amazon.com/images/I/81ScJ-13K2L.__AC_SX300_SY300_QL70_FMwebp_.jpg", "description": "Product Description\nAmazon Basics Soft-Sided Golf Travel Bag\nFrom the Manufacturer\nAmazon Basics", "features": "Soft-sided golf travel bag for conveniently transporting a set of golf clubs (not included)\nMade of durable 1800D polyester fabric; reinforced stress points; stands up on its own when holding a set of clubs\nSmooth-rolling, inline-skate-style wheels; heavy-duty curb rails; well-placed, riveted handles\nCompression straps keep clubs secure; heavily padded top section to protect club heads\nMultiple zippered compartments for storing extra gear; measures 50 by 13 by 15 inches;", "lowest_price_date": "Nov 17, 2023", "lowest_price": "$15.38", "highest_price_date": "Nov 12, 2023", "highest_price": "$71.99", "current_price_date": "Nov 17, 2023"}, {"title": "Segway Ninebot S-Max Smart Self-Balancing Electric Scooter, Dual 432W Motor, Max 23.6 Miles Range & 12.4MPH, Hoverboard with LED Light, Compatible with Gokart kit", "current_price": "$699.99", "list_price": "$1,199.99", "average_price": "$1,123.48", "category": "sports-outdoors", "badge": "Best Price", "link": "https://camelcamelcamel.com/product/B095WTSNP1?active=price_amazon&context=popular", "camel_img": "https://m.media-amazon.com/images/I/31EgliNHDrL._UL320_.jpg", "amazon_title": "Segway Ninebot S Smart Self-Balancing Electric Scooter, 800W Motor (Ver.S MAX 1000), 13.7 Miles Range(Ver.S MAX 23.6)& 10MPH(Ver.S MAX 12.4), Hoverboard w/t LED Light, Compatible with Gokart Kit", "amazon_link": "https://www.amazon.com/dp/B095WTSNP1", "img": "https://m.media-amazon.com/images/I/5149q-5BoML.__AC_SX300_SY300_QL70_FMwebp_.jpg", "features": "MAXimize Your Adventure: Quiet but powerful, the Ninebot S MAX offers a range of up to 23.6 miles, max speed of 12.4 mph dependent on riding habits and terrain. The Ninebot S MAX is equipped with two hub motors and an air-cooled battery pack of 432Wh.\nMAX the Tech-Trend: Designed for your safety, the S MAX engine automatically stops when detecting unusual movements such as lifting or falling. The hand-control steering wheel delivers added control and extra stability.With it’s compact size, it can easily fit in the trunk of a car, so you can enjoy the Ninebot S MAX anywhere you go.\nMAXimize Your Experience: Add the Ninebot Gokart Kit and experience the same fierce performance as the Gokart PRO. With Gokart Kit, the top speed limit will be unlocked from 12.4 mph to 23 mph. Please scan the QR code of the listing for assembly steps.\nEasy to Learn: With the adjustable control bar, you can extend or shorten the steering wheel to your desired height. With the Segway-Ninebot App, you can learn how to safely ride the S MAX, customize the rear LED lights, adjust speed controls, and more.\nQuality Assurance: With our innovative Leansteer technology, Ninebot S MAX responds to operation within 0.01second sensitivity, detecting every single movement ensuring a smoother ride.\nIntelligent battery management system", "lowest_price_date": "Nov 17, 2023", "lowest_price": "$699.99", "highest_price_date": "Jul 15, 2022", "highest_price": "$1,199.99", "current_price_date": "Nov 17, 2023"}, {"title": "Under Armour Mens Tactical Tech T-shirt , Federal Tan (499) , X-Small", "current_price": "$4.54", "list_price": "$24.99", "average_price": "$16.80", "category": "sports-outdoors", "badge": "Best Price", "link": "https://camelcamelcamel.com/product/B0792SPXH4?active=price_amazon&context=popular", "camel_img": "https://m.media-amazon.com/images/I/413FjsmhaqL._UL320_.jpg", "amazon_title": "Under Armour Men's Tactical Tech T-Shirt", "amazon_link": "https://www.amazon.com/dp/B0792SPXH4", "img": "https://m.media-amazon.com/images/I/61rbjOJwWkL.__AC_SY445_SX342_QL70_FMwebp_.jpg", "description": "Lightweight UA Tech™ fabric with an ultra-soft, natural feel for unrivaled comfort.Material wicks sweat & dries really fast. Smooth flatlock seam construction.", "lowest_price_date": "Nov 17, 2023", "lowest_price": "$4.54", "highest_price_date": "Apr 24, 2023", "highest_price": "$24.99", "current_price_date": "Nov 17, 2023"}, {"title": "Segway SuperScooter GT1P, 3000W Power, 37.3MPH Max Speed, 43.5 Miles, 11 Inches Anti-Puncture Tubeless Tires, Folable, Black", "current_price": "$2,740.95", "list_price": "$2,799.99", "average_price": "$2,760.49", "category": "sports-outdoors", "badge": "", "link": "https://camelcamelcamel.com/product/B0BHSVPHJR?active=price_amazon&context=popular", "camel_img": "https://m.media-amazon.com/images/I/41DylEworgL._UL320_.jpg", "amazon_title": "Segway Ninebot SuperScooter GT1P/GT2P, 43.5/55.9 Mi Long Range, 37.3/43.5MPH, w/t Dual Suspension, 11\" Self-Sealing Tubeless Tires, Dual Brakes and Cruise Control, Electric Commuter Scooter", "amazon_link": "https://www.amazon.com/dp/B0BHSVPHJR", "img": "https://m.media-amazon.com/images/I/61QUE6yqaVL.__AC_SX300_SY300_QL70_FMwebp_.jpg", "features": "Brand New GT Super Scooters: Segway Super Scooter GT1 reaches MAX. Power 3000W motor; can reach 37.3mph top speed and accelerating from 0-30mph in 7.5 seconds; up to 43.5 miles range; max load of 331 lbs.\nPersonalize Your Experience: The GT1 is equipped with front and rear 15-level damping adjustable hydraulic shocks.\nThe front double wishbone suspension structure';ensuring suspension stability and superior handing.\nSuperior Braking System: GT1 is equipped with front and rear dual-pistons; diameter hydraulic disc brake and perforated brake pad; ensure a powerful braking performance no matter the intensity of the driving conditions.\nExtraordinary Functionality: The 11inch Anti-puncture tubeless tires providing an ultimate road-gripping capacity. Aircraft-grade and lightweight aluminum alloy frame ensure the GT1 superior body durability in extreme conditions.", "lowest_price_date": "Nov 17, 2023", "lowest_price": "$1,499.99", "highest_price_date": "May 27, 2023", "highest_price": "$2,799.99", "current_price_date": "Nov 19, 2023"}, {"title": "Camp Chef Mountain Series 2 Burner/High Pressure Stove", "current_price": "$84.39", "list_price": "$120.84", "average_price": "$91.14", "category": "sports-outdoors", "badge": "", "link": "https://camelcamelcamel.com/Camp-Chef-Mountain-Series-Pressure/product/B004S3HDBO?active=price_amazon&context=popular", "amazon_title": "Camp Chef Everest 2 Burner Stove", "amazon_link": "https://www.amazon.com/dp/B004S3HDBO", "img": "https://m.media-amazon.com/images/I/716YfLmB-EL.__AC_SX300_SY300_QL70_FMwebp_.jpg", "features": "Two 20,000 BTU burners - Total Output 40,000 BTU\nStainless steel drip tray for easy clean up\nMatchless ignition\nConvenient carry handle\nDimentions: 13.5\" L x 23.5\" W x 4\" H - Weight: 12 lbs", "lowest_price_date": "Jun 30, 2013", "lowest_price": "$66.38", "highest_price_date": "Jun 15, 2012", "highest_price": "$107.93", "current_price_date": "Jul 30, 2017"}, {"title": "PENN Spinfisher VI Spinning Inshore Fishing Reel, HT-100 Front Drag, Max of 15lb | 6.8kg, Made with an All-Metal Reel Body and Spool Design, 3500, Black Gold", "current_price": "$99.98", "list_price": "$189.95", "average_price": "$125.30", "category": "sports-outdoors", "badge": "", "link": "https://camelcamelcamel.com/product/B07GJYD9VX?active=price_amazon&context=popular", "amazon_title": "Penn Spinfisher VI Spinning Fishing Reel", "amazon_link": "https://www.amazon.com/dp/B07GJYD9VX", "img": "https://m.media-amazon.com/images/I/71zyAXDdbCL.__AC_SX300_SY300_QL70_FMwebp_.jpg", "description": "The PENN Spinfisher VI features IPX5 sealing so whether it gets hit with water, or you let it ride in the spray all the way home, you don't have to worry about saltwater getting into the gearbox or drag system. Our HT-100 drag washers are housed in a fully sealed spool to give the stopping power needed for big saltwater fish. A Full Metal Body and sideplate keep the CNC Gear System in precise alignment under heavy loads. Available in standard, Live Liner, Long Cast and bail-less models. Saltwater breeds a different kind of angler. It toughens you. It cures you like bacon. It leaves you thirsty for the next fight. Hard core saltwater anglers need equipment that is as tough as they are and as reliable as the rising tide. At PENN, we've been testing the limits of saltwater fishing since 1932, which is why our reputation for durability runs so deep. PENN. LET THE BATTLE BEGIN.", "features": "IPX5 SEALED ALUMINUM REEL SPOOL: Successfully combat corrosion with an all-metal reel body and spool design that also features Line Capacity Rings.\nPRECISION CNC GEAR TECHNOLOGY: Durable, precise and smooth. Recovers at the rate of 33” | 84cm with every turn of the crank. Gear ratio of 6.2:1. Mono Capacity yd/lb: 255/6 175/8 140/10. Braid Capacity 240/10 220/15 160/20.\n6 TOTAL BEARINGS: The Spinfisher VI features 5 stainless steel ball bearings plus 1 instant anti-reverse bearing to provide smooth operation for any saltwater fishing experience.\nHT-100 FRONT DRAG DRAG SYSTEM: Built with carbon fiber washers for a max drag of 15lb | 6.8kg, this system will handle big fish without wearing you down.\nSUPERLINE SPOOL: Easily prepare for battle with a system that makes it simple to attach slick, braided line. Sizes 2500-5500 have automatic bail trip; Sizes 6500-10500 have manual bail trip. Right/Left handle position.", "lowest_price_date": "Nov 19, 2023", "lowest_price": "$99.98", "highest_price_date": "Oct 19, 2023", "highest_price": "$189.99", "current_price_date": "Nov 19, 2023"}, {"title": "Columbia Men's Glennaker Lake Rain Jacket, Mountain Red/Graphite, 4X Tall", "current_price": "$34.99", "list_price": "$75.00", "average_price": "$52.54", "category": "sports-outdoors", "badge": "Best Price", "link": "https://camelcamelcamel.com/product/B01HMZLNNS?active=price_amazon&context=popular", "amazon_title": "Columbia Men's Glennaker Rain Jacket", "amazon_link": "https://www.amazon.com/dp/B01HMZLNNS", "img": "https://m.media-amazon.com/images/I/61WBTA1P68S.__AC_SY445_SX342_QL70_FMwebp_.jpg", "description": "Classic mountaineering-inspired design lines in a tried-and-true waterproof fabric-this lightweight nylon rain jacket is an everyday favorite thanks to its stylish, efficient, and comfortable take on protecting you from the wind and wet weather.", "lowest_price_date": "Nov 11, 2023", "lowest_price": "$34.99", "highest_price_date": "Sep 19, 2022", "highest_price": "$90.00", "current_price_date": "Nov 11, 2023"}, {"title": "PowerBlock Elite EXP 70-90 lb. Dumbbell Kit, Stage 3 Expansion Kit, Only Compatible After Stage 1 & Stage 2 Adjustable Dumbbells Purchase, Durable Steel, Innovative Workout Equipment Black", "current_price": "$139.98", "list_price": "$169.00", "average_price": "$133.00", "category": "sports-outdoors", "badge": "", "link": "https://camelcamelcamel.com/product/B0027H0JFK?active=price_amazon&context=popular", "amazon_title": "PowerBlock Elite EXP 70-90 lb. Dumbbell Kit, Stage 3 Expansion Kit, Only Compatible After Stage 1 & Stage 2 Adjustable Dumbbells Purchase, Durable Steel, Innovative Workout Equipment Black", "amazon_link": "https://www.amazon.com/dp/B0027H0JFK", "img": "https://m.media-amazon.com/images/I/51BZ8Kn9AaL.__AC_SY300_SX300_QL70_FMwebp_.jpg", "description": "Whether you’re an elite competitor, pro athlete, or fitness enthusiast, performance matters. Every exercise, every minute, and every drop of sweat are valuable, and there’s no room for waste if you want to achieve results and create gains. That’s where PowerBlock adjustable dumbbells come in. Their innovative, world-class design was developed with one thing in mind: results. Engineered to feel good in your hand, adjust easily, and endure the toughest workouts, PowerBlocks are the first choice for anyone who values performance at the highest levels. Use them alone, or as a hybrid addition to your gym workouts, and start to tap into the power of PowerBlocks.\nThe first brand to create adjustable dumbbells, PowerBlock was an industry pioneer. We challenged the world’s definition of how a dumbbell worked and what it should look like. Decades later, we’re the only expandable dumbbell trusted in elite training rooms and facilities. The PowerBlock Elite dumbbells are one of the highest-rated and best-selling sets of all time. PowerBlock uses only premium-quality materials. Thanks to their smart and ergonomic design, PowerBlocks are extremely tough and can withstand all sorts of regular gym use.", "features": "ADJUSTABLE DUMBBELLS SET: Elevate your fitness and performance with strength-training equipment that adjusts with you. This PowerBlock Expansion Kit provides the option to take your Elite EXP Adjustable Dumbbell set up to 90 pounds.\nCOMPACT & PORTABLE: The adjustable, convenient, and compact dumbbells provide innovative strength training for an easy-to-use solution. Bring the workout with you anywhere.\nEASY & QUICK ADJUSTABILITY: Quickly adjust the weight set up or down for your exercise with the secure magnetic polypropylene pin. The pin has a 500 lbs. max load. Comes with a 5-year warranty.\nLONG LASTING FOR YEARS OF USE: This dumbbell set is engineered with a steel construction for a higher quality build that is incredibly reliable and will last for years.\nEXPANSION CAPABILITY: Add the Elite EXP Stage 3 Expansion Kit to your Stage 1 Elite EXP Dumbbells and Stage 2 Expansion Kit (all sold separately). Stage 3 provides the option to increase your dumbbell weight from 70-90 lbs. per hand.", "lowest_price_date": "Oct 16, 2020", "lowest_price": "$115.34", "highest_price_date": "Nov 29, 2022", "highest_price": "$169.00", "current_price_date": "Nov 19, 2023"}, {"title": "Under Armour Mens Hustle Fleece Pants , Black (001)/White , Small", "current_price": "$43.43", "list_price": "$44.99", "average_price": "$36.99", "category": "sports-outdoors", "badge": "", "link": "https://camelcamelcamel.com/product/B08FCX4MJT?active=price_amazon&context=popular", "amazon_title": "Under Armour Men's Woven Vital Workout Pants", "amazon_link": "https://www.amazon.com/dp/B08FCX4MJT", "img": "https://m.media-amazon.com/images/I/51HBkZF64JL.__AC_SY445_SX342_QL70_FMwebp_.jpg", "description": "Smooth, ripstop woven fabric is lightweight & extremely durable. Wind-resistant materials & construction shield you from the elements. Mesh lining delivers superior breathability & comfort. Encased elastic waistband with internal drawcord. Open hand pockets. 7\" ankle zips for easy on/off even over cleats. Inseam: 31.75\".\nFit & Care:\nMachine wash cold with like colors\nUse only non-chlorine bleach when needed\nTumble dry low\nDo not iron\nDo not use softeners\nDo not dry clean", "lowest_price_date": "Nov 14, 2023", "lowest_price": "$24.00", "highest_price_date": "Oct 27, 2021", "highest_price": "$55.00", "current_price_date": "Nov 19, 2023"}, {"title": "adidas Men's Essentials Warm-Up 3-Stripes Track Top, Black/White, Medium", "current_price": "$22.00", "list_price": "$55.00", "average_price": "$39.90", "category": "sports-outdoors", "badge": "Best Price", "link": "https://camelcamelcamel.com/product/B08M882ZQQ?active=price_amazon&context=popular", "amazon_title": "adidas Men's Essentials Warm-up 3-Stripes Track Top", "amazon_link": "https://www.amazon.com/dp/B08M882ZQQ", "img": "https://m.media-amazon.com/images/I/51gVevFyd3L.__AC_SY445_SX342_QL70_FMwebp_.jpg", "description": "Relax in style. Zip up this men's adidas track jacket after a workout or when you're heading out with friends. 3-Stripes down the sleeves make a sporty statement. Stash a little money in the front pockets so it's there for a treat at the end of a long day.", "lowest_price_date": "Nov 13, 2023", "lowest_price": "$22.00", "highest_price_date": "Nov 07, 2023", "highest_price": "$50.00", "current_price_date": "Nov 13, 2023"}, {"title": "CAP Barbell 150 LB Coated Hex Dumbbell Weight Set with Vertical Rack, Black, New Edition", "current_price": "$221.87", "list_price": "$249.99", "average_price": "$214.02", "category": "sports-outdoors", "badge": "", "link": "https://camelcamelcamel.com/product/B09NLF2J4P?active=price_amazon&context=popular", "amazon_title": "CAP Barbell 150 LB Dumbbell Set with Rack", "amazon_link": "https://www.amazon.com/dp/B09NLF2J4P", "img": "https://m.media-amazon.com/images/I/71HEqww6NtL.__AC_SX300_SY300_QL70_FMwebp_.jpg", "features": "SET INCLUDES – A pair of 5-pound, 10-pound, 15-pound, 20-pound, and 25-pound rubber hex dumbbells with a black A-frame dumbbell rack to store the weights. E-commerge packaging. This set ships in multiple boxes.\nSPACE-SAVING DESIGN – The A-frame design of this rack maximizes floor space by storing dumbbells in an “A” shape, or vertical fashion. Easily access and store dumbbells. Rubber inserts prevent dumbbells and rack from scratches\nDURABLE AND RELIABLE – Rack is made with steel and finished with durable black powder coat. Heads are made from ASTM A48 Class 20 grey iron and joined together by a 1018 cold rolled solid steel handle (sizes 15-120lb) with an extreme durable rubber coating.\nVERSATILE – Dumbbells offer the ability to target specific muscle groups or perform a full body workout. Perfect for isolations, functional and HIIT workouts, and strength training routines\nFEATURES – The original hex shaped heads prevent rolling. The medium depth knurling on the handle provides essential grip and security during use. Rubber coating is a durable and effective finish", "lowest_price_date": "Nov 08, 2023", "lowest_price": "$159.00", "highest_price_date": "Aug 08, 2022", "highest_price": "$268.76", "current_price_date": "Nov 20, 2023"}, {"title": "Original Peloton Bike | Indoor Stationary Exercise Bike with Immersive 22\" HD Touchscreen (Updated Seat Post)", "current_price": "$1,095.00", "list_price": "$1,445.00", "average_price": "$1,326.25", "category": "sports-outdoors", "badge": "Best Price", "link": "https://camelcamelcamel.com/product/B0C4ZB3WT5?active=price_amazon&context=popular", "amazon_title": "Original Peloton Bike | Indoor Stationary Exercise Bike with Immersive 22\" HD Touchscreen (Updated Seat Post)", "amazon_link": "https://www.amazon.com/dp/B0C4ZB3WT5", "img": "https://m.media-amazon.com/images/I/71uspbh7eRL.__AC_SX300_SY300_QL70_FMwebp_.jpg", "description": "Original Peloton Bike | Indoor Stationary Exercise Bike with Immersive 22\" HD Touchscreen (Updated Seat Post)", "features": "GAME-CHANGING CARDIO – Clip into the Peloton Bike for a workout experience that goes beyond cycling, whether you’re cruising or sprinting as you climb the Leaderboard with other Members\nSMALL-SPACE FRIENDLY – Peloton Bike has a compact, 4‘ x 2’ footprint, and an adjustable seat, handlebar, and screen, which tilts to accommodate different heights. This stationary bike fits comfortably in your home whether you’re low on square footage or working around furniture.\nCONTROLS and FEATURES – Peloton Bike features a resistance knob for manual control, 2-channel rear-facing stereo speaker system with 16 watts of total power, 10-point multitouch touchscreen, USB microport, 3.5 mm headphone jack, Bluetooth 4.0 connectivity, 5 megapixel front-facing camera, built-in microphone, and up and down volume buttons.\nVALUE-PACKED MEMBERSHIP – A Peloton All-Access Membership must be purchased separately in order to access Peloton content on your Bike. You’ll pay Dollar 44/mo for your entire household and get unlimited access to our entire library of content available on your Bike and the Peloton App. Age, height, and weight restrictions apply. Your account can be activated during Bike setup.\nMEASUREMENTS and REQUIREMENTS – We require leaving 24” on all four sides to store and train on your Bike. Keeping your Bike in a room with a minimum ceiling height of 8’ will ensure adequate headroom while riding. Dimensions: 59” L x 53” H x 23” W; Screen: 22” diagonal; Weight: 135 lbs; Power cord length: 10’.\nWHAT’S IN THE BOXES – You’ll get step-by-step instructions to make assembly easy. Bike frame, stabilizers, handlebars, water bottle holders, pedals, weight holders, touchscreen, and toolkit are included. Some parts are located in the touchscreen box. Be sure to check both boxes for all parts before throwing away. Shoes, mat, and other accessories sold separately.\nUSER REQUIREMENTS – Height range: 4’11”–6’5”; weight maximum: 297 lbs; age minimum: 14.\nShow more", "lowest_price_date": "Nov 07, 2023", "lowest_price": "$1,095.00", "highest_price_date": "Jun 20, 2023", "highest_price": "$1,445.00", "current_price_date": "Nov 07, 2023"}, {"title": "Volcom Women's Lived in Lounge Fleece Sweat Shorts (Regular & Plus Size), Rosewood, Medium", "current_price": "$32.21", "list_price": "$10.17", "average_price": "$28.58", "category": "sports-outdoors", "badge": "", "link": "https://camelcamelcamel.com/product/B0BK9WHTXH?active=price_amazon&context=popular", "amazon_title": "Volcom Women's Lived in Lounge Fleece Sweat Shorts (Regular & Plus Size)", "amazon_link": "https://www.amazon.com/dp/B0BK9WHTXH", "img": "https://m.media-amazon.com/images/I/71nkfa-HVhL.__AC_SY445_SX342_QL70_FMwebp_.jpg", "description": "Volcom was founded in 1991 as America’s First Boarding Company and combined the cultures of skateboarding, surfing, snowboarding, music and art through our ‘Youth Against Establishment’ lens. This same energy continues to this day as we unite diverse lifestyles with our ‘True To This’ battle cry.", "lowest_price_date": "Nov 13, 2023", "lowest_price": "$8.50", "highest_price_date": "Nov 09, 2023", "highest_price": "$36.05", "current_price_date": "Nov 20, 2023"}, {"title": "adidas Men's Own The Run Jacket, Black, Medium", "current_price": "$65.46", "list_price": "$90.00", "average_price": "$58.80", "category": "sports-outdoors", "badge": "", "link": "https://camelcamelcamel.com/product/B0BHMX23GV?active=price_amazon&context=popular", "amazon_title": "adidas Men's Own The Run Jacket", "amazon_link": "https://www.amazon.com/dp/B0BHMX23GV", "img": "https://m.media-amazon.com/images/I/61t-1qK4UNL.__AC_SY445_SX342_QL70_FMwebp_.jpg", "lowest_price_date": "Nov 09, 2023", "lowest_price": "$32.00", "highest_price_date": "Nov 07, 2023", "highest_price": "$81.00", "current_price_date": "Nov 20, 2023"}]