[{"title": "Eldritch Horror The Dreamlands Board Game EXPANSION | Mystery Game | Cooperative Board Game for Adults and Family | Ages 14+ | 1-8 Players | Avg. Playtime 3 Hours | Made by Fantasy Flight Games", "current_price": "$34.99", "list_price": "$49.99", "average_price": "$43.81", "category": "toys-games", "badge": "", "link": "https://camelcamelcamel.com/product/B01MCRSMPZ?active=price_amazon&context=popular", "camel_img": "https://m.media-amazon.com/images/I/514zYi3Qq6L._UL320_.jpg", "amazon_title": "Eldritch Horror The Dreamlands Board Game EXPANSION | Mystery Game | Cooperative Board Game for Adults and Family | Ages 14+ | 1-8 Players | Avg. Playtime 3 Hours | Made by Fantasy Flight Games", "amazon_link": "https://www.amazon.com/dp/B01MCRSMPZ", "img": "https://m.media-amazon.com/images/I/81BwI9Pu3tL.__AC_SX300_SY300_QL70_FMwebp_.jpg", "description": "Descend into a world of sleep and splendor with\nThe Dreamlands, the latest expansion for\nEldritch Horror. This expansion introduces an\nentirely new side board, portraying the mystical, ethereal Dreamlands. As the realm of dreams leaks into our waking world, you’ll find eight new investigators standing united against two insidious Ancient Ones: Altach-Nacha the Dreamweaver and Hypnos, the Lord of Sleep. With a massive array of new Spells, Conditions, Assets, Adventures, Mythos cards, and encounters for every location,\nThe Dreamlands promises adventures unmatched by anything in the waking world.", "features": "JOURNEY TO THE DREAMLANDS: Explore the ethereal Dreamlands in this captivating expansion for Eldritch Horror, featuring an entirely new side board with enchanting landscapes.\nNEW INVESTIGATORS: Eight intrepid investigators unite to confront the insidious Ancient Ones, Altach-Nacha the Dreamweaver, and Hypnos, the Lord of Sleep.\nSPELLS, CONDITIONS, AND ADVENTURES: Unleash the power of a vast array of new Spells, Conditions, Assets, and Adventures as you traverse dreamscapes and face otherworldly encounters.\nEPIC MYTHOS CARDS: Engage with captivating Mythos cards that unravel the mysteries of this otherworldly realm, promising adventures beyond the waking world.\nELDITCH HORROR EXPANSION: Enhance your Eldritch Horror experience with The Dreamlands, a mesmerizing expansion that opens new dimensions of gameplay.", "lowest_price_date": "Oct 13, 2020", "lowest_price": "$29.99", "highest_price_date": "Sep 22, 2021", "highest_price": "$50.36", "current_price_date": "Nov 17, 2023"}, {"title": "Schleich Eldrador Creatures Ice Dragon Toy Action Figure for Kids Ages 7-12, Blue, White", "current_price": "$9.99", "list_price": "$24.99", "average_price": "$22.58", "category": "toys-games", "badge": "Best Price", "link": "https://camelcamelcamel.com/product/B079NQ53BT?active=price_amazon&context=popular", "camel_img": "https://m.media-amazon.com/images/I/31JbASWI-PL._UL320_.jpg", "amazon_title": "Schleich Eldrador Creatures Ice Dragon Toy Action Figure for Kids Ages 7-12,Blue, White", "amazon_link": "https://www.amazon.com/dp/B079NQ53BT", "img": "https://m.media-amazon.com/images/I/71j3pLzhXNL.__AC_SX300_SY300_QL70_FMwebp_.jpg", "description": "Explore the mystical world of Eldrador with the Ice Dragon, a fun, educational toy figurine from Schleich! This set is authentically detailed, and is ideal for hours of imaginative play. Schleich® is a German toy company, and we bring realism to a new level. Our high quality, immersive playworlds open up a world of imaginative possibilities to toddlers and kids through safe and educational play. All Schleich products are carefully designed to inspire healthy and creative pretend play for children as both a single toy or part of a larger collection. All products and the materials used meet or exceed the strictest applicable national and international toy safety requirements. We are the world’s leading figurine company, and currently offer six different themed worlds and over 300 products designed to teach and inspire kids as they move through developmental stages. From the realistic worlds of Farm World, Wild Life and Horse Club to the mystical realms of bayala® and Eldrador® Creatures, we put The World in Your Hands.", "features": "DETAILED & REALISTIC. Crafted with precision and authentic detail to create a lifelike toy that teaches and inspires toddlers and kids; helps introduce children to animals. From the first sketch to the intricate finishing touches, we see value in every detail.\nHEALTHY IMAGINATIVE PLAY. The Ice Dragon from Schleich is carefully designed to inspire safe and creative pretend play for children as both a single toy or part of a larger collection.\nPART OF A GROWING PLAY WORLD. The Ice Dragon is part of the Eldrador collection of figurines and playsets from Schleich. Great for gifting, this figurine can stand alone or fit into a larger, modular play world.\nBUILT TO LAST. As an 85-year-old German toy company, we are committed to manufacturing realistic toys with the highest standard of quality and safety for years of durable play and collectability. All products and the materials used meet or exceed the strictest applicable toy safety requirements.\nEXPERT APPROVED. “Schleich playsets and figurines inspire kids to play imaginatively: an essential part of healthy childhood development so often overlooked in today’s fast-paced world.” - Dr. Sandra Stone, open-ended play expert", "lowest_price_date": "Nov 17, 2023", "lowest_price": "$9.99", "highest_price_date": "Mar 24, 2020", "highest_price": "$24.99", "current_price_date": "Nov 17, 2023"}, {"title": "Melissa & Doug 18-Piece Wooden Take-Along Tabletop Town, 4 Rescue Vehicles, Play Pieces, Bridge", "current_price": "$24.19", "list_price": "$44.99", "average_price": "$34.22", "category": "toys-games", "badge": "", "link": "https://camelcamelcamel.com/product/B07KBP8D6K?active=price_amazon&context=popular", "camel_img": "https://m.media-amazon.com/images/I/51pM+konqhL._UL320_.jpg", "amazon_title": "Melissa & Doug 18-Piece Wooden Take-Along Tabletop Town, 4 Rescue Vehicles, Play Pieces, Bridge", "amazon_link": "https://www.amazon.com/dp/B07KBP8D6K", "img": "https://m.media-amazon.com/images/I/81+EegMIP1L._AC_SY300_SX300_.jpg", "description": "Built-in tracks, colorful scenery, and fun play pieces let kids take their imaginations for a spin . . . and take playtime anywhere they want to go! Unfold the sturdy wooden case to create an illustrated play surface with built-in road tracks for the three wooden wheeled vehicles (a police car, ambulance, and fire engine) and a wooden helicopter to race to the rescue. Set up a bridge and a city tunnel with a monorail that slides across the top! Wooden play pieces include buildings, traffic signs, and a tree to enhance imaginative storytelling. All the pieces store in the fold-up case with convenient carrying handle for easy cleanup and travel (there’s plenty of room to add other toys, too!). Keep playtime rolling for kids three and older and encourage independent play and motor skill development.", "features": "18-piece town play set with wooden storage case that unfolds to create playing surface with built-in road tracks\nIncludes 4 wooden vehicles to race to the rescue around town: police car, ambulance, fire engine, helicopter\nSet up a bridge, city tunnel with monorail that slides across the top, buildings, traffic signs, tree\nPlenty of room to store all play pieces in the case with convenient carrying handle\nMakes a great gift for preschoolers, ages 3 to 6, for hands-on, screen-free play", "lowest_price_date": "Nov 17, 2023", "lowest_price": "$16.99", "highest_price_date": "Aug 07, 2023", "highest_price": "$44.99", "current_price_date": "Nov 17, 2023"}, {"title": "UNLOCK! Heroic Adventures Card Game | Escape Room Games for Adults and Kids | Mystery Games for Family Game Night | Ages 10 and up | 1-6 Players | Average Playtime 1 Hour | Made by Space Cowboys", "current_price": "$18.99", "list_price": "$36.99", "average_price": "$29.77", "category": "toys-games", "badge": "Best Price", "link": "https://camelcamelcamel.com/product/B07NRSY4DW?active=price_amazon&context=popular", "camel_img": "https://m.media-amazon.com/images/I/5179ZHIc9YS._UL320_.jpg", "amazon_title": "UNLOCK! Heroic Adventures Card Game | Escape Room Games for Adults and Kids | Mystery Games for Family Game Night | Ages 10 and up | 1-6 Players | Average Playtime 1 Hour | Made by Space Cowboys", "amazon_link": "https://www.amazon.com/dp/B07NRSY4DW", "img": "https://m.media-amazon.com/images/I/81c5nhKdFyS.__AC_SX300_SY300_QL70_FMwebp_.jpg", "description": "Introducing UNLOCK! Heroic Adventures, a brand new format for UNLOCK! in North America. This box includes 3 new Adventures. In Insert Coin, players must avoid \"Game Over\" by triumphing over multiple levels of video game adventures! Then in Sherlock Holmes - The Scarlet Thread of Murder, the master sleuth is on a very strange case and needs players' help to solve the mystery. Finally, In Pursuit of the White Rabbit introduces players to Wonderlands' weird inhabitants as they help Alice to escape in time! UNLOCK! is a series of escape adventures for up to six players. With one hour on the clock, players must work through a deck of sixty cards as a team, searching for clues, combining objects, and solving puzzles. The free UNLOCK! companion app runs the timer while providing clues, offering hints, and confirming successes. Once the team has reached a solution and entered the correct code into the app, they win", "features": "THRILLING ESCAPE ROOM ADVENTURES: Unlock! Heroic Adventures offers three captivating scenarios that bring the excitement of escape rooms to your tabletop.\nCOOPERATIVE PUZZLE-SOLVING: Join forces with friends and family to tackle puzzles, uncover clues, and crack riddles. Unlock! promotes teamwork and problem-solving skills.\nCOMPANION APP ENHANCEMENT: The Unlock! companion app elevates the game with timekeeping, hints, code verification, and more, all without requiring an internet connection.\nDIVERSE SCENARIOS: Immerse yourself in the intriguing worlds of \"Sherlock Holmes,\" \"In Pursuit of the White Rabbit,\" and \"Insert Coin.\" Each scenario offers a unique adventure.\nPERFECT FOR ALL AGES: Unlock! Heroic Adventures is an ideal choice for family game nights and social gatherings, providing engaging experiences for players of all ages.", "lowest_price_date": "Nov 17, 2023", "lowest_price": "$18.99", "highest_price_date": "Nov 25, 2022", "highest_price": "$34.98", "current_price_date": "Nov 17, 2023"}, {"title": "Melissa & Doug Wooden Slice & Stack Sandwich Counter with Deli Slicer – 56-Piece Pretend Play Wooden Food Toys, Kitchen Food Set For Toddlers And Kids Ages 3+", "current_price": "$39.97", "list_price": "$64.99", "average_price": "$52.72", "category": "toys-games", "badge": "", "link": "https://camelcamelcamel.com/product/B0815Q8HSW?active=price_amazon&context=popular", "camel_img": "https://m.media-amazon.com/images/I/51cVe8+yDXL._UL320_.jpg", "amazon_title": "Melissa & Doug Wooden Slice & Stack Sandwich Counter with Deli Slicer – 56-Piece Pretend Play Wooden Food Toys, Kitchen Food Set For Toddlers And Kids Ages 3+", "amazon_link": "https://www.amazon.com/dp/B0815Q8HSW", "img": "https://m.media-amazon.com/images/I/71XCaAcK8oL.__AC_SX300_SY300_QL70_FMwebp_.jpg", "description": "Create piled-high sandwiches, made to order with this wooden sandwich counter play set with all the fixin’s! The sturdy wooden deli counter includes a play meat and cheese slicer for the wooden play food, and felt sandwich roll and toppings to create sandwiches ordered from the menu. There is a wooden dressing bottle, play snacks, and a cup with drink insert to round out meals that customers can pay for with the included play money! An illustrated guide helps with sandwich prep and shows kids how to use the slicer. All 52 pieces store in the sandwich counter for easy cleanup. It’s a deliciously fun way to encourage counting, sorting, and fine motor skills, as well as imaginative play and storytelling. For more than 30 years, Melissa & Doug has created beautifully designed imagination- and creativity-sparking products that NBC News called “the gold standard in early childhood play.” Today, Melissa & Doug is proudly partnering with the American Academy of Pediatrics to foster early brain development and help children build important life skills through play.", "features": "Create piled-high, deli-fresh pretend play sandwiches with this 52-piece sandwich counter.Ideal for ages:3 years and up\nPlay food includes wooden meat and cheese slices, felt toppings and sandwich roll, wooden dressing bottle, play chips, cookie, and drink cup with insert; play money included\nCounter includes a slicer for wooden meat and cheese pieces, sign with menu on one side and sandwich prep instructions on the other\nHelps encourage counting, sorting, and fine motor skills, as well as imaginative play and storytelling\nMakes a great gift for preschoolers, ages 3 to 6, for hands-on, screen-free play\n13.5” x 8” x 8.5”", "lowest_price_date": "Oct 06, 2022", "lowest_price": "$25.99", "highest_price_date": "Sep 06, 2022", "highest_price": "$59.99", "current_price_date": "Nov 17, 2023"}, {"title": "MEGA Pokémon Action Figures Building Toys, Poké Ball Pack with Pikachu, Magikarp, Cubone, Zubat, Magikarp and 5 Different Poké Balls (Amazon Exclusive)", "current_price": "$22.99", "list_price": "$32.99", "average_price": "$30.33", "category": "toys-games", "badge": "Best Price", "link": "https://camelcamelcamel.com/product/B0821J73SC?active=price_amazon&context=popular", "camel_img": "https://m.media-amazon.com/images/I/51y-W5GKojL._UL320_.jpg", "amazon_title": "MEGA Pokémon Action Figures Building Toys, Poké Ball Pack with Pikachu, Magikarp, Cubone, Zubat, Magikarp and 5 Different Poké Balls (Amazon Exclusive)", "amazon_link": "https://www.amazon.com/dp/B0821J73SC", "img": "https://m.media-amazon.com/images/I/81-DdDT32XL.__AC_SY300_SX300_QL70_FMwebp_.jpg", "description": "Build the battle with 5 Pokémon in 5 different Poké Balls! Build, train and battle with 5 iconic Pokémon figures in this exclusive Poké Ball Pack. In every battle, a Pokémon trainer must choose wisely. Now, discover 5 Pokémon to build and battle with in this multi-figure pack! This pack features some of the most popular Pokémon, including Cubone, Zubat, Caterpie, Magikarp and, of course, Pikachu! And each figure comes with a different type of Poké Ball with a pronged top and interior so you can display your Pokémon! Ideal for ages 6 and up.", "features": "Exclusive 5-character multi-figure pack with different Poke Balls\nBuildable Pokemon include Cubone, Zubat, Caterpie, Magikarp and Pikachu\n5 Poke Balls with pronged top and interior for figure display include Luxury Ball, Premier Ball, Poke Ball, Great Ball and Ultra Ball\nCombine with other Pokemon sets from Mega Construx\nBuild your Pokemon world, and Build Beyond!", "lowest_price_date": "Nov 17, 2023", "lowest_price": "$22.99", "highest_price_date": "Aug 09, 2022", "highest_price": "$41.90", "current_price_date": "Nov 17, 2023"}, {"title": "Gamewright - Happy City - Build Your Mini-Metropolis! A Delightful Building Card Game", "current_price": "$10.49", "list_price": "$14.99", "average_price": "$14.75", "category": "toys-games", "badge": "Best Price", "link": "https://camelcamelcamel.com/product/B09B5L1JXR?active=price_amazon&context=popular", "camel_img": "https://m.media-amazon.com/images/I/61b5o9jWpaL._UL320_.jpg", "amazon_title": "Gamewright - Happy City - Build Your Mini-Metropolis! A Delightful Building Card Game", "amazon_link": "https://www.amazon.com/dp/B09B5L1JXR", "img": "https://m.media-amazon.com/images/I/91Q227+0qWL._AC_SY300_SX300_.jpg", "description": "Become the mayor of your own mini-metropolis! Buy buildings to attract residents, increase their happiness, and earn an income. But plan carefully! You’ll need money to grow, but only the satisfaction of your citizens counts towards your final score. Strike the perfect balance to build the happiest city in town! Proudly Brought To You by Gamewright!", "features": "Happy City - NEW *2021* Become The Mayor Of Your Own Mini-Metropolis! Buy, Sell, Attract Residents, Earn Income! Family Friendly Building Strategy Card Game by Gamewright\nBuy, Sell, Attract Residents, Earn Income!\nEngage Your Creativity and Challenge Your Entrepreneurial Abilities! Create and Manage a Community to Ensure Yours is The Happiest City Around!\nRecommended for Ages 10 + Years\nApproximate Game Play Time 30 Minutes", "lowest_price_date": "Nov 28, 2021", "lowest_price": "$10.49", "highest_price_date": "Jul 31, 2022", "highest_price": "$15.99", "current_price_date": "Nov 17, 2023"}, {"title": "LEGO Icons Santa’s Visit 10293 Christmas House Model Building Set for Adults and Families, Festive Home Décor with Xmas Tree, Gift Idea", "current_price": "$92.99", "list_price": "$99.99", "average_price": "$93.02", "category": "toys-games", "badge": "", "link": "https://camelcamelcamel.com/product/B09GB938TT?active=price_amazon&context=popular", "camel_img": "https://m.media-amazon.com/images/I/51LFvCxm7fL._UL320_.jpg", "amazon_title": "LEGO Icons Santa’s Visit 10293 Christmas House Model Building Set for Adults and Families, Festive Home Décor with Xmas Tree, Gift Idea", "amazon_link": "https://www.amazon.com/dp/B09GB938TT", "img": "https://m.media-amazon.com/images/I/811ZKp9sfsL.__AC_SX300_SY300_QL70_FMwebp_.jpg", "description": "If you’re dreaming of the perfect Christmas Eve, get the festive season off to a magical start with this LEGO Santa’s Visit (10293) model building set for adults. This cozy project is the ideal way to spend quality time with family and friends. Build the intricate Christmas house with a LEGO Christmas tree and explore all of the model’s jolly features before placing it on display. Spot all the ingredients that make Christmas Eve so special. There are stockings on the fireplace, a plate of cookies with milk for Santa, and even a place setting for him at the dining table. The exterior of this LEGO house is equally detailed. See the Christmas tree, which lights up when you press down gently on the treetop. Extra details of this LEGO set for adults complete the cheerful scene with presents, a mailbox and brick-built boughs under the ‘snow’-topped roof. Santa’s Visit is part of the LEGO Winter Village Collection - a collection of buildable model kits for adults that celebrate the festive season. A Christmas building project to savor is a top Christmas gift idea before the festivities start and a great birthday present for teens and adults alike, and for all who love waiting for Christmas! Measures over 7.5 in. (19 cm) high, 10.5 in. (27 cm) wide and 6.5 in. (16 cm) deep. Contains 1445 pieces.", "features": "Features a LEGO Christmas house model with a toy Christmas tree and several mini builds for kids to enjoy, plus lots of details to discover\nThe cute home features favorite traditions with a fireplace, stocking, milk and cookies, plus a large chimney for Santa to drop through\nThere are gifts hidden around the house, and the rear roof moves outwards, giving further access to the upper floor bedroom\nThis LEGO set for adults includes 4 minifigures with Dad, mom, girl and Santa to recreate endless cozy family Christmas Eve scenes\nAdd some festive glow to the scene - the toy Christmas tree features a light brick (battery included) that lights up when you press the top\nBring the family together to enjoy a rewarding festive build, assembling all the details of a perfect night before Christmas\nThis beautiful ornament makes a great Christmas gift or occasional present for teens and adults waiting for the festive season", "lowest_price_date": "Nov 17, 2023", "lowest_price": "$74.99", "highest_price_date": "Mar 15, 2022", "highest_price": "$99.99", "current_price_date": "Nov 18, 2023"}, {"title": "Fantasy Flight Games Arkham Horror The Card Game The Dunwich Legacy Investigator Expansion | Horror Game | Cooperative Mystery Game | Ages 14+ | 1-2 Players | Avg. Playtime 1-2 Hours | Made", "current_price": "$31.49", "list_price": "$44.99", "average_price": "$43.66", "category": "toys-games", "badge": "Best Price", "link": "https://camelcamelcamel.com/product/B09M4F9P5V?active=price_amazon&context=popular", "camel_img": "https://m.media-amazon.com/images/I/51Gi9VfzFdL._UL320_.jpg", "amazon_title": "Fantasy Flight Games Arkham Horror The Card Game The Dunwich Legacy Investigator Expansion | Horror Game | Cooperative Mystery Game | Ages 14+ | 1-2 Players | Avg. Playtime 1-2 Hours | Made", "amazon_link": "https://www.amazon.com/dp/B09M4F9P5V", "img": "https://m.media-amazon.com/images/I/81K1WnUMiiL.__AC_SX300_SY300_QL70_FMwebp_.jpg", "description": "In the places of power where ordered space decays and gives way to the void, there are those who would call power from the beyond to create abominations beyond our imagining. But there are a brave few who would set forth and risk their lives to put a stop to these terrors. This expansion features 5 investigators and contains all the player cards and customization options originally featured in The Dunwich Legacy cycle. Smite abominations as the chef, Zoey Samaras. Sniff out a good story as the reporter, Rex Murphy. Use your money and wits to solve any problem as the dilettante, Jenny Barnes. Speak with the dead and perform grim rites as the musician, Jim Culver. And finally, go looking for trouble as the drifter, “Ashcan” Pete, along with his trusty hound Duke. The Dunwich Legacy Investigator Expansion can be used to build or enhance investigator decks for any Arkham Horror: The Card Game scenario or campaign.", "features": "RETURN TO DUNWICH: Venture back to the secluded village of Dunwich and revisit the horrors of the very first Arkham Horror LCG cycle.\nFACE TERROR: Encounter the same monstrous presence that once terrorized Dunwich, and take on new challenges and mysteries.\nNEW INVESTIGATORS: Expand your roster with iconic investigators Dr. Henry Armitage, Dr. Francis Morgan, and Professor Warren Price.\nFULL PLAYER CARD SET: All player cards for this cycle are included in this expansion, offering new deckbuilding options and strategies.\nFOR DUNWICH LOVERS: A must-have for fans of the original The Dunwich Legacy cycle, enhancing your gameplay experience.", "lowest_price_date": "Nov 17, 2023", "lowest_price": "$31.49", "highest_price_date": "Nov 29, 2021", "highest_price": "$44.99", "current_price_date": "Nov 17, 2023"}, {"title": "Fantasy Flight Games Arkham Horror The Card Game The Dunwich Legacy Campaign Expansion - Return to The Terror! Lovecraftian Cooperative LCG, Ages 14+, 1-4 Players, 1-2 Hour Playtime, Made", "current_price": "$48.99", "list_price": "$69.99", "average_price": "$68.24", "category": "toys-games", "badge": "Best Price", "link": "https://camelcamelcamel.com/product/B09M4GQVH5?active=price_amazon&context=popular", "camel_img": "https://m.media-amazon.com/images/I/512F0upB2NL._UL320_.jpg", "amazon_title": "Fantasy Flight Games Arkham Horror The Card Game The Dunwich Legacy Campaign Expansion - Return to The Terror! Lovecraftian Cooperative LCG, Ages 14+, 1-4 Players, 1-2 Hour Playtime, Made", "amazon_link": "https://www.amazon.com/dp/B09M4GQVH5", "img": "https://m.media-amazon.com/images/I/81qVHIQj4zL.__AC_SX300_SY300_QL70_FMwebp_.jpg", "description": "A monstrous presence once terrorized the secluded village of Dunwich. The season of horror ended only after three professors from Miskatonic University—Dr. Henry Armitage, Dr. Francis Morgan, and Professor Warren Rice—ventured to Dunwich, armed with secret knowledge that enabled them to defeat the creature. Now, several months later, Dr. Armitage’s colleagues have gone missing, and he fears the worst. In The Dunwich Legacy Campaign Expansion, one to four investigators take up the search for the missing professors, launching an eight-scenario campaign that takes them from the notorious Clover Club and prestigious Miskatonic University all the way to the decrepit and treacherous town of Dunwich. This expansion includes all of the scenario content originally featured in The Dunwich Legacy cycle, now repackaged in one box.", "features": "RETURN TO DUNWICH: Revisit the horrors of the secluded village of Dunwich in the very first Arkham Horror LCG cycle.\nFACE TERROR: Confront the monstrous presence that once terrorized Dunwich, and unravel new mysteries and challenges.\nFULL-LENGTH CAMPAIGN: Experience the entire original campaign in one comprehensive expansion, perfect for new and seasoned players.\nCAMPAIGN AND SCENARIO CARDS: All campaign- and scenario-related cards for \"The Dunwich Legacy\" cycle in one expansion.\nESSENTIAL FOR FANS: An essential addition for fans of the original cycle and a great opportunity for new players to dive into the terror.", "lowest_price_date": "Nov 17, 2023", "lowest_price": "$48.99", "highest_price_date": "Nov 29, 2021", "highest_price": "$69.99", "current_price_date": "Nov 17, 2023"}, {"title": "STAR WARS Lightsaber Forge Inquisitor Masterworks Set Double-Bladed Electronic Lightsaber, Customizable Roleplay Toy for Kids Ages 4 and Up", "current_price": "$9.99", "list_price": "$66.99", "average_price": "$40.16", "category": "toys-games", "badge": "Best Price", "link": "https://camelcamelcamel.com/product/B000N0YN4Q?active=price_amazon&context=popular", "camel_img": "data:image/png;base64,iVBORw0KGgoAAAANSUhEUgAAAAEAAAABCAYAAAAfFcSJAAAADUlEQVR42mP89ft3PQAJWANxKw72RAAAAABJRU5ErkJggg==", "amazon_title": "STAR WARS Lightsaber Forge Inquisitor Masterworks Set Double-Bladed Electronic Lightsaber, Customizable Roleplay Toy for Kids Ages 4 and Up", "amazon_link": "https://www.amazon.com/dp/B000N0YN4Q", "img": "https://m.media-amazon.com/images/I/61YMlpJPe1L.__AC_SX300_SY300_QL70_FMwebp_.jpg", "description": "Create a customized, double-bladed Lightsaber with the Star Wars Lightsaber Forge Inquisitor Masterworks Set! This roleplay toy is inspired by the one seen in the Obi-Wan Kenobi live-action series on Disney+. Kids ages 4 and up can use the included 2 extendable red blades, 2 caps, 2 electronic hilts, and 3 clip-on rings to create their own Lightsaber featuring 3 modes of play. This Star Wars toy features extendable light-up blades and electronic sound effects inspired by entertainment. And with pieces that are compatible across the Star Wars Lightsaber Forge line, kids can mix and match to create, customize, and master 1000s of combinations! (Total combinations includes all Lightsaber Forge products. Additional Lightsaber Forge products each sold separately. Subject to availability.) Star Wars products are produced by Hasbro under license from Lucasfilm Ltd. Hasbro and all related terms are trademarks of Hasbro.", "features": "ENTERTAINMENT-INSPIRED DESIGN & DECO: The Star Wars Lightsaber Forge Inquisitor Masterworks Set is inspired by the Lightsaber Reva (Third Sister) uses in the Obi-Wan Kenobi live-action series on Disney+\nCREATE THEIR OWN: Kids can assemble their own Lightsaber for imaginary duels with this electronic toy comprised of 9 parts -- 2 extendable red blades, 2 caps, 2 electronic hilts, and 3 clip-on rings\nCUSTOMIZABLE LIGHTSABER: Create a double-bladed Lightsaber with half a center ring or a full center ring. Then, use the pieces to create 2 separate Lightsabers, complete with telescoping cap feature\nLIGHTS & SOUND FX: This customizable Star Wars roleplay toy makes a great gift for kids ages 4 and up, featuring lights and epic Lightsaber sound effects inspired by entertainment\nMASTER 1000s OF COMBINATIONS: Use pieces across the Lightsaber Forge line to create 1000s of amazing combinations (Total combinations includes all Lightsaber Forge products. Each sold separately. Subject to availability)", "lowest_price_date": "Nov 17, 2023", "lowest_price": "$9.99", "highest_price_date": "Nov 08, 2023", "highest_price": "$66.99", "current_price_date": "Nov 17, 2023"}, {"title": "NERF Ultra 75-Dart Refill Pack - The Ultimate in Dart Blasting - Compatible Only Ultra Blasters (Amazon Exclusive)", "current_price": "$9.99", "list_price": "$33.99", "average_price": "$19.31", "category": "toys-games", "badge": "Best Price", "link": "https://camelcamelcamel.com/product/B07ZG961K7?active=price_amazon&context=popular", "amazon_title": "NERF Ultra 75-Dart Refill Pack (Amazon Exclusive)", "amazon_link": "https://www.amazon.com/dp/B07ZG961K7", "img": "https://m.media-amazon.com/images/I/81TWMqPvOIL.__AC_SX300_SY300_QL70_FMwebp_.jpg", "description": "Stock up with this refill pack of 75 Nerf Ultra darts for Nerf Ultra blasters! Nerf Ultra darts are the ultimate in Nerf dart blasting! These ground-breaking darts feature an innovative flight tip, Aerofin technology, and Nerf Ultra foam. Nerf Ultra darts work only with Nerf Ultra blasters. Experience the gold standard in Nerf dart blasting with Nerf Ultra blasters and darts -- their advanced design and performance delivers extreme distance, accuracy, and speed. Take your game to the next level with Nerf Ultra blasters and darts! (Blasters each sold separately.) Eyewear recommended (not included). Nerf and all related properties are trademarks of Hasbro.", "features": "NERF ULTRA DARTS ARE THE ULTIMATE IN NERF DART BLASTING: Blast into the game-changing superiority with Nerf Ultra darts -- the ultimate in Nerf dart blasting\n75 NERF ULTRA DARTS: Includes 75 ground-breaking Nerf Ultra darts that feature an innovative flight tip, Aerofin technology, and lightweight Nerf Ultra foam\nNERF ULTRA DARTS FOR NERF ULTRA BLASTERS: Nerf Ultra darts are compatible only with Nerf Ultra blasters. Stock up with this refill pack to keep backup firepower nearby! (Blasters each sold separately)\nSUSTAINABLE PACKAGING: Ships in simple, recyclable packaging that’s easy to open and frustration free", "lowest_price_date": "Nov 15, 2023", "lowest_price": "$9.99", "highest_price_date": "May 14, 2022", "highest_price": "$33.99", "current_price_date": "Nov 15, 2023"}, {"title": "NERF Zombie Strike Hammershot Blaster, 5 Official Darts - Color Scheme (Amazon Exclusive)", "current_price": "$9.99", "list_price": "$19.99", "average_price": "$19.03", "category": "toys-games", "badge": "Best Price", "link": "https://camelcamelcamel.com/product/B083JV38BS?active=price_amazon&context=popular", "amazon_title": "NERF Zombie Strike Hammershot Blaster, Splatter (Amazon Exclusive)", "amazon_link": "https://www.amazon.com/dp/B083JV38BS", "img": "https://m.media-amazon.com/images/I/715NXdSdvtL.__AC_SX300_SY300_QL70_FMwebp_.jpg", "description": "Hammer your way clear of the zombies with the Nerf Zombie Strike Hammershot blaster! Sized for mobility so you can stay one step ahead of the zombies, the Hammershot features hammer-action blasting. You pull back the hammer to prime the blaster, then press the trigger to fire. The blaster has a drum that holds 5 darts and rotates when you prime the blaster, which moves the next dart into firing position. It has a tactical rail on top so you can customize it with Nerf Zombie Strike accessories (each sold separately). This blaster features a special \"splatter\" color scheme. It comes with 5 Official Nerf Zombie Strike Elite darts that are tested and approved for performance and quality and constructed of foam with flexible tips. Powered by you -- no batteries required.", "features": "PULL-BACK HAMMER BLASTING ACTION: Pull back the hammer to prime this Nerf Zombie Strike Hammershot blaster then pull the trigger to fire a dart. Features special \"splatter\" color scheme\nROTATING 5-DART FRONT-LOADING DRUM: The Hammershot blaster has rotating drum that holds up to 5 Nerf darts. Load the darts into the front of the drum and get ready for some zombie-fighting fun\nINCLUDES 5 DARTS: Includes 5 Official Nerf Zombie Strike Elite darts that are tested and approved for performance and quality and constructed of foam with flexible tips\nSUSTAINABLE PACKAGING: Ships in simple, recyclable packaging that’s easy to open and frustration free\nRaise your game with the Pro-Grip Football and Nerfoop basketball set", "lowest_price_date": "Nov 15, 2023", "lowest_price": "$9.99", "highest_price_date": "Jun 10, 2022", "highest_price": "$19.99", "current_price_date": "Nov 15, 2023"}, {"title": "NERF Zombie Strike Hammershot Blaster - Red Color Scheme (Amazon Exclusive)", "current_price": "$9.99", "list_price": "$19.99", "average_price": "$18.95", "category": "toys-games", "badge": "Best Price", "link": "https://camelcamelcamel.com/product/B083JWRNFK?active=price_amazon&context=popular", "amazon_title": "NERF Zombie Strike Hammershot Blaster, Red (Amazon Exclusive)", "amazon_link": "https://www.amazon.com/dp/B083JWRNFK", "img": "https://m.media-amazon.com/images/I/71+QeC4gx-L._AC_SY300_SX300_.jpg", "description": "Hammer your way clear of the zombies with the Nerf Zombie Strike Hammershot blaster! Sized for mobility so you can stay one step ahead of the zombies, the Hammershot features hammer-action blasting. You pull back the hammer to prime the blaster, then press the trigger to fire. The blaster has a drum that holds 5 darts and rotates when you prime the blaster, which moves the next dart into firing position. It has a tactical rail on top so you can customize it with Nerf Zombie Strike accessories (each sold separately). This blaster features a special red color scheme. It comes with 5 Official Nerf Zombie Strike Elite darts that are tested and approved for performance and quality and constructed of foam with flexible tips. Powered by you -- no batteries required.\n\nNerf and all related properties are trademarks of Hasbro.", "features": "PULL-BACK HAMMER BLASTING ACTION: Pull back the hammer to prime this Nerf Zombie Strike Hammershot blaster then pull the trigger to fire a dart. Features special red color scheme\nROTATING 5-DART FRONT-LOADING DRUM: The Hammershot blaster has rotating drum that holds up to 5 Nerf darts. Load the darts into the front of the drum and get ready for some zombie-fighting fun\nINCLUDES 5 DARTS: Includes 5 Official Nerf Zombie Strike Elite darts that are tested and approved for performance and quality and constructed of foam with flexible tips\nSUSTAINABLE PACKAGING: Ships in simple, recyclable packaging that’s easy to open and frustration free\nBUILD OUT YOUR ARSENAL: Find other great Nerf blasters to build out your arsenal", "lowest_price_date": "Nov 15, 2023", "lowest_price": "$9.99", "highest_price_date": "Oct 07, 2023", "highest_price": "$19.99", "current_price_date": "Nov 15, 2023"}, {"title": "Playskool Fold 'n Go Elephant Stuffed Animal Tummy Time Toy for Babies 3 Months and Up, Blue (Amazon Exclusive)", "current_price": "$21.57", "list_price": "$29.99", "average_price": "$20.19", "category": "toys-games", "badge": "", "link": "https://camelcamelcamel.com/product/B01HPGFR1S?active=price_amazon&context=popular", "amazon_title": "Playskool Fold 'n Go Elephant Stuffed Animal Tummy Time Toy for Babies 3 Months and Up, Blue (Amazon Exclusive)", "amazon_link": "https://www.amazon.com/dp/B01HPGFR1S", "img": "https://m.media-amazon.com/images/I/81-hjrsGMjL.__AC_SX300_SY300_QL70_FMwebp_.jpg", "description": "Tummy time is the best time! Make it even better with the Playskool Fold 'n Go elephant toy. This snuggly elephant friend might become your favorite tummy time toys for infants 3 months and up. Here's why: it's super soft, super fun, super adorable, and super convenient! Lay it flat like a play mat to encourage babies to explore the different sensory textures and engage in activities that can help encourage fine motor skills. With its friendly face and soft, floppy plush body, this elephant stuffed animal is irresistible to snuggle. It was also designed with families in mind as it folds up for easy storage or for use as a travel toy. Give your family and friends a delightful baby gift for baby showers, holidays, or just to welcome a new little one into the world! Playskool and all related properties are trademarks of Hasbro.", "features": "BUSY ACTIVITIES FOR LITTLE HANDS: Turn the clicker, shake the rattle, squeeze the squeaker, and engage your little one in hands-on sensory activities. They'll also love looking at themselves in the mirror\nFUN TEXTURES TO EXPLORE: This elephant toy is fun from head to toe! Your little one will love getting their hands on the crinkle ear, satiny ribbon \"hair\", peekaboo flower, and put 'n take pocket\nEASY STORAGE AND CLEANING: This busy baby mat is great for travel toys and small spaces. It folds up easily to take on the go or pack away, and it's also machine washable\nWOW THEM AT THE BABY SHOWER: From baby shower gifts to baby's first holiday gift, this adorable plush infant toy makes a fun present to delight your favorite little peanut and the whole family, too", "lowest_price_date": "Aug 17, 2023", "lowest_price": "$8.95", "highest_price_date": "Feb 05, 2023", "highest_price": "$23.57", "current_price_date": "Nov 18, 2023"}, {"title": "furReal Wavy The Narwhal Interactive Animatronic Plush Toy, Electronic Pet, 80+ Sounds and Reactions, Rainbow Plush, Ages 4 and Up", "current_price": "$28.99", "list_price": "$72.91", "average_price": "$72.42", "category": "toys-games", "badge": "Best Price", "link": "https://camelcamelcamel.com/product/B08SNT6J9R?active=price_amazon&context=popular", "amazon_title": "furReal Wavy The Narwhal Interactive Animatronic Plush Toy, Electronic Pet, 80+ Sounds and Reactions, Rainbow Plush, Ages 4 and Up", "amazon_link": "https://www.amazon.com/dp/B08SNT6J9R", "img": "https://m.media-amazon.com/images/I/71xEIKYZGyL.__AC_SX300_SY300_QL70_FMwebp_.jpg", "description": "The furReal Wavy the Narwhal interactive toy charms kids with 80+ sounds and reactions. Playful and affectionate, this rainbow plush pet is always ready for fun. Rolling a ball is one of her favorite games, and she can't wait to play. Press her fin and roll the included ball toward it: she'll try to tap the ball back to you! Wavy also likes to play music and show off her dance moves. Pet Wavy’s head and her horn lights up and she'll show her affection with a kiss. Reward her with her favorite donut treat, and she’ll make fun eating noises and motions (she REALLY likes that donut!). Care for her by grooming her with the included seashell brush, and she’ll respond happily. (Don’t forget to tickle her tummy, too. Get ready for giggles!) At bedtime, put Wavy in nighttime mode and she’ll play calming ocean sounds. She’s a wonderful day-to-night friend, and a fantastic (splash-tastic?) gift for kids ages 4 and up. An Amazon exclusive. furReal and all related properties are trademarks of Hasbro.", "features": "FURREAL WAVY THE NARWHAL INTERACTIVE PLUSH TOY responds to kids with 80 plus lifelike sounds and reactions. She kisses, waves her fins, wags her tail, and even dances\nFUN FEEDING PLAY: Wavy’s a pet with a lot of energy, so she needs plenty of treats. Feed her the included donut treat (her favorite.) and she’ll make lots of happy eating sounds and motions\nSO VERY PLAYFUL: Wavy loves it when you roll the included ball at her fin; she’ll try to flip it back. Press and hold her fin and she’ll play music and show off her dance moves\nAFFECTIONATE, TOO. Pet Wavy on her head and her horn lights up; she’ll wag her tail and wiggle her fins to show how happy she is (Hint: tickle her tummy, too.)\nSOOTHING NIGHTTIME MODE plays soft ocean sounds for bedtime snuggles and comfort a perfect way to end a day full of play and friendship", "lowest_price_date": "Nov 15, 2023", "lowest_price": "$28.99", "highest_price_date": "Oct 24, 2023", "highest_price": "$89.99", "current_price_date": "Nov 15, 2023"}, {"title": "Nerf Elite 2.0 Ace SD-1 Dart Blaster, 2 Nerf Elite Darts, Pull Down Priming, Nerf Blasters, Kids Outdoor Toys for 8 Year Old Boys and Girls and Up, Dart Storage", "current_price": "$2.39", "list_price": "$4.99", "average_price": "$3.44", "category": "toys-games", "badge": "Best Price", "link": "https://camelcamelcamel.com/product/B09H242KPM?active=price_amazon&context=popular", "amazon_title": "Nerf Elite 2.0 Ace SD-1 Dart Blaster, 2 Nerf Elite Darts, Pull Down Priming, Nerf Blasters, Kids Outdoor Toys for 8 Year Old Boys and Girls and Up, Dart Storage", "amazon_link": "https://www.amazon.com/dp/B09H242KPM", "img": "https://m.media-amazon.com/images/I/71lmhXUuHxL.__AC_SX300_SY300_QL70_FMwebp_.jpg", "description": "Bring along the compact Nerf Elite 2.0 Ace SD-1 blaster on all your missions and battles! Take advantage of this toy blaster's compact size for fast-moving fun in outdoor play. With its small size, you can bring these Nerf toy blasters almost anywhere to launch into a stealthy battles and surprise attacks. It has onboard 1-dart storage so you can keep a second dart within reach for fast reloads. It comes with 2 Official Nerf Elite foam darts. Get battling in 3 quick steps! Load 1 dart into the front of the barrel, pull down the priming handle, and press the trigger to unleash the dart. Kids toys like Nerf Elite toy foam blasters are great gifts for 8 year old boys and girls who enjoy active play. Eyewear recommended (not included). Nerf and all related properties are trademarks of Hasbro.", "features": "NERF ELITE ACE SD-1 BLASTER: Bring this pocket-size toy blaster to Nerf battles! You can take this compact blaster almost anywhere and launch into stealthy dart-blasting surprises\nONBOARD DART STORAGE: Keep a second dart nearby to reload fast! The onboard storage on top of the dart blaster holds 1 dart to keep a backup dart within reach\nINCLUDES 2 NERF ELITE DARTS: This Nerf blaster comes with 2 Nerf Elite foam darts that are great for indoor and outdoor play\nEASY TO LOAD, PRIME, AND FIRE: Easy to use! Load 1 dart into the front of the barrel, pull down the priming handle, and press the trigger to fire the foam dart\nFUN KIDS OUTDOOR TOYS: Nerf toys for boys and girls can be used for indoor or outdoor games for kids to enjoy with friends and family.\nGREAT GIFTS FOR KIDS: Nerf blasters are awesome gifts for boys and girls!", "lowest_price_date": "Nov 12, 2023", "lowest_price": "$2.39", "highest_price_date": "Jun 26, 2023", "highest_price": "$4.49", "current_price_date": "Nov 12, 2023"}, {"title": "Pixobitz Studio with 500 Water Fuse Beads, Decos and Accessories, Makes 3D Creations with No Heat, Arts and Crafts Kids Toys for Ages for 6 and up", "current_price": "$8.99", "list_price": "$29.99", "average_price": "$15.58", "category": "toys-games", "badge": "Best Price", "link": "https://camelcamelcamel.com/product/B09NPR3WCW?active=price_amazon&context=popular", "amazon_title": "Pixobitz Studio with 500 Water Fuse Beads, Decos and Accessories, Makes 3D Creations with No Heat, Arts and Crafts Kids Toys for Ages for 6 and up", "amazon_link": "https://www.amazon.com/dp/B09NPR3WCW", "img": "https://m.media-amazon.com/images/I/81gXU+PgWBL._AC_SY300_SX300_.jpg", "description": "Experience a new dimension of creativity with the Pixobitz Studio! This DIY studio has everything you need to make your own 3D and 2D pixel art creations that stick together with water. The Pixobitz Studio features 500 Bitz (cube-shaped water fuse beads) in 10 colors, 14 accessories, over 100 water transfer decos, four easy-to-use tools, two trays and three template cards. Following the templates in this bead kit, make 12 amazing end results, including cool avatars, adorable animals, photo holders, a boombox, skateboard and more, or design your own unique creations. Creating with Pixobitz is as easy as stack, spray, and style! Slide a template under a tray and use the tools to help you build. Lay out your Bitz on the tray – the cube design makes them easy to stack, preventing them from rolling away. Mist each layer, then style your creation! Choose from different water deco eyes, facial expressions, outfits, letters, icons and more, and accessories including ears, hair buns, keychains and more. With so many Bitz, water decos and accessories, there are endless ways to create! For best results, wait 20 minutes after each layer and 45 minutes for your Pixobitz bead art to fully set before play. Use your creations in imaginative pretend play or display them as creative kids room decor! For easy organization and storage, the Pixobitz Studio closes into a carrying case and fits everything inside – take it with you on-the-go! The Pixobitz Studio and the Clear and Metallic Bead Packs (each sold separately) are fun kids crafts, perfect toys for girls and boys who like arts and crafts projects, DIY kits and toy building sets. They’re great birthday gifts for kids, Christmas gifts or gifts for any occasion. Unleash your creativity with the Pixobitz Studio!", "features": "NO HEAT NEEDED: The mess-free Bitz (cube-shaped beads) stick with water! Stack on the tray, spray each layer and style with unique Pixobitz accessories and water transfer decos!\nENDLESS WAYS TO CREATE: With 14 accessories like keychains and photo clips and over 100 decos like facial expressions, outfits, letters and more, style your way! Follow the templates or make your own creations!\nALL-IN-ONE WATER FUSE BEADS CRAFT KIT: Make 3D and 2D creations like avatars, a boombox and more with 500 Bitz in 10 colors, 4 tools, 3 templates (for 12 designs), 14 accessories and over 100 water decos!\nEASY STORAGE: The Pixobitz Studio toy fits everything inside and becomes a carrying case. Store the water fuse beads kit with your crafts and art supplies or take it on-the-go! Pixobitz crafts for kids are great gifts!\nFUN ARTS & CRAFTS TOYS FOR 6 YEAR OLD GIRLS AND BOYS: Discover endless ways to create with Pixobitz! Perfect toys for creative kids who enjoy DIY, self-expression, craft kits, building toys and more.\nIncludes: 1 Pixobitz Studio, 500 Bitz (Cube-Shaped Water Fuse Beads) in 10 Colors, 14 Accessories, 1 Water Transfer Deco Sheet, 4 Tools, 2 Trays, 3 Templates, 1 Instruction Guide\nCovered by the Spin Master Care Commitment. See below for full details", "lowest_price_date": "Nov 12, 2023", "lowest_price": "$8.99", "highest_price_date": "Jul 08, 2022", "highest_price": "$29.99", "current_price_date": "Nov 12, 2023"}, {"title": "Radio Flyer Trav-ler Stroll 'N Wagon, Black Push Wagon with Canopy, Storage Bag, and Cupholders, for Ages 1+ Years", "current_price": "$238.49", "list_price": "$279.99", "average_price": "$269.96", "category": "toys-games", "badge": "Best Price", "link": "https://camelcamelcamel.com/product/B0B3S8HPLK?active=price_amazon&context=popular", "amazon_title": "Radio Flyer Trav-ler Stroll 'N Wagon, Black Push Wagon with Canopy, Storage Bag, and Cupholders, for Ages 1+ Years", "amazon_link": "https://www.amazon.com/dp/B0B3S8HPLK", "img": "https://m.media-amazon.com/images/I/71C9fBPL62L.__AC_SX300_SY300_QL70_FMwebp_.jpg", "description": "Radio Flyer’s Trav’ler Stroll ‘N Wagon™ makes traveling a breeze for on-the-go families. The convenient push or pull design features two modes: our Never Fall™ wagon pull handle in the front and an adjustable push bar on the back. The easy one-hand fold allows this wagon to be stored anywhere and the folding lock on the frame ensures it stays folded when not in use. The included travel cover protects the wagon while folded and features a large zippered storage pouch that holds the removable accessories and other travel necessities. A rear brake and two 5-point safety harnesses keep little ones as young as 12 months safe and comfortable. Thoughtfully designed parent features like cup holders, a removable rear storage bag, and a peek-a-boo window on the UV protection canopy make this the ideal vehicle for your whole family. The side also zips down for stationary bench seating. The durable rubber wheels with bearings provide a smooth ride on almost any terrain. It also features DuraClean® 2.0, our highest quality fabric, which is durable, easily cleaned and made to last. Maximum weight capacity 120 lbs. For 1+ years. For additional questions, support, or concerns, please contact our customer service team at https://www.radioflyer.com/customer-service/ or 1 (800) 621-7613.", "features": "PUSH & PULL: The Trav-ler Stroll ‘N Wagon allows you to pull like a wagon or push for ultimate convenience in one vehicle. It features a NeverFall wagon pull handle in the front and a fold-away push handlebar on the back.\nFEATURES FOR THE WHOLE FAMILY: Included with the Trav-ler Stroll ‘N Wagon are cupholders, a removable rear storage bag, and a peek-a-boo mesh window on the UV protection canopy, making this the ideal vehicle for your whole family.\nFOLDS FOR STORAGE: Easy one hand fold allows convenient storage. This wagon is portable and can be stored or taken anywhere!\nSAFE FOR KIDS: Radio Flyer Stroll N’ Wagons pass the ASTM-f963-13 toy safety standard. This wagon includes a rear foot brake, 5-point safety harnesses and a UV protection canopy to protect your little ones from the sun.\nDELUXE WHEELS: This wagon features durable rubber wheels – 12” easy-push rear wheels with bearings for comfortable riding and front caster wheels for nimble steering.\nTRAVEL COVER INCLUDED: The included travel cover protects the wagon while folded and features a large zippered storage pouch that holds the removable accessories and other travel necessities.\nSPECIFICATIONS: Product dimensions: 47.24”L x 24.41”W x 41.34”H. Recommended for kids age 1+. Maximum weight capacity: 120 lbs.\nCERTIFIED B CORP: Radio Flyer meets the highest standards of verified social and environmental performance, transparency, and accountability. We believe profits follow purpose and take pride in creating long-lasting products that inspire active play and create warm memories. We are dedicated to preserving the earth for future generations.", "lowest_price_date": "Nov 15, 2023", "lowest_price": "$238.49", "highest_price_date": "Jun 15, 2023", "highest_price": "$319.99", "current_price_date": "Nov 15, 2023"}, {"title": "McFarlane - Avatar: The Way of Water - World of Pandora - Tonowari & Skimwing", "current_price": "$5.99", "list_price": "$19.99", "average_price": "$17.25", "category": "toys-games", "badge": "Best Price", "link": "https://camelcamelcamel.com/product/B0BJ5MQ5RJ?active=price_amazon&context=popular", "amazon_title": "McFarlane - Avatar: The Way of Water - World of Pandora - Tonowari & Skimwing", "amazon_link": "https://www.amazon.com/dp/B0BJ5MQ5RJ", "img": "https://m.media-amazon.com/images/I/71bYBWNnTzL.__AC_SX300_SY300_QL70_FMwebp_.jpg", "description": "Description:\nWith a fierce demeanor and spear in hand, Tonowari is prepared to bravely lead his clan atop the powerful Skimwing.\nThis large deluxe set features a highly detailed 1.25-inch Tonowari action figure, articulated, poseable Skimwing, special world-builder stand, and bioluminescent effect when placed under black light.\nFeatures:\nLarge deluxe World of Pandora set\nFeatures a highly detailed, articulated Skimwing and Tonowari action figure\nIncludes special world-builder stand\nBioluminescent effect when placed under black light\nFigure is showcased in Avatar Movie window box packaging\nCollect all McFarlane Toys Avatar Movie products!\nIncludes: PLAYSET\nMaterials: PLASTIC\nAges: 8+", "features": "Large deluxe World of Pandora set\nFeatures a highly detailed, articulated Skimwing and Tonowari action figure\nIncludes special world-builder stand\nBioluminescent effect when placed under black light\nFigure is showcased in Avatar Movie window box packaging\nCollect all McFarlane Toys Avatar Movie products", "lowest_price_date": "Nov 12, 2023", "lowest_price": "$5.99", "highest_price_date": "Jun 05, 2023", "highest_price": "$19.99"}, {"title": "Nerf Roblox Arsenal: Soul Catalyst Dart Blaster, Includes Code to Redeem Exclusive Virtual Item, 4 Elite Nerf Darts, Outdoor Games", "current_price": "$14.07", "list_price": "$16.99", "average_price": "$13.30", "category": "toys-games", "badge": "Best Price", "link": "https://camelcamelcamel.com/product/B0B1VW77Z3?active=price_amazon&context=popular", "amazon_title": "Nerf Roblox Arsenal: Soul Catalyst Dart Blaster, Includes Code to Redeem Exclusive Virtual Item, 4 Elite Nerf Darts, Outdoor Games", "amazon_link": "https://www.amazon.com/dp/B0B1VW77Z3", "img": "https://m.media-amazon.com/images/I/71xULhKEOfL.__AC_SX300_SY300_QL70_FMwebp_.jpg", "description": "This Nerf Roblox Arsenal: Soul Catalyst blaster takes its inspiration from the Roblox experience Arsenal by ROLVe Community! This dart blaster includes a special code that allows you to redeem an exclusive virtual item on Roblox.* The Soul Catalyst blaster features easy pull-back priming to launch you into exciting outdoor play. Simply pull the slide back and release it, allowing the slide to spring back by itself. Pull the trigger and let the dart fly in outdoor games! Cool glow-in-the-dark details** on the blaster add an awesome look to your Nerf games. The blaster has single-dart capacity and easy front-loading. It comes with 4 Official Nerf foam darts. Launch into Nerf battles with the Nerf Roblox Arsenal: Soul Catalyst foam dart blaster for outdoor play! Eyewear recommended (not included). Copyright 2023 Roblox Corp. ROBLOX is a registered trademark. All rights reserved. Hasbro and all related terms are trademarks of Hasbro.", "features": "NERF ROBLOX ARSENAL SOUL CATALYST DART BLASTER: This Nerf dart-firing blaster takes its inspiration from the Roblox experience Arsenal by ROLVe Community\nEXCLUSIVE VIRTUAL ITEM CODE: This Nerf Roblox dart blaster includes a special code that allows you to redeem an exclusive virtual item on Roblox*\nPULL BACK PRIMING AND GLOW EFFECTS: Start blasting with easy pull-back priming. This foam dart blaster is designed with glow-in-the-dark details** that adds an exciting look to outdoor Nerf battles\nINCLUDES 4 NERF ELITE FOAM DARTS: Comes with 4 Official Nerf Elite darts that are great for fun indoor and outdoor games. Load, blast, and reload to keep on playing\nLOAD, PULL BACK AND BLAST: Front load 1 dart, pull the slide back and release it, and pull the trigger to send a dart blasting toward the competition", "lowest_price_date": "Nov 10, 2023", "lowest_price": "$4.99", "highest_price_date": "Oct 27, 2023", "highest_price": "$14.99", "current_price_date": "Nov 18, 2023"}, {"title": "DJI Mini 4 Pro (DJI RC 2), Folding Mini-Drone with 4K HDR Video Camera for Adults, Under 0.549 lbs/249 g, 34 Mins Flight Time, 20 km Max Video Transmission Distance, Omnidirectional Vision Sensing", "current_price": "$959.00", "list_price": "$959.00", "average_price": "$1,002.04", "category": "toys-games", "badge": "Best Price", "link": "https://camelcamelcamel.com/product/B0CFF1SJ3P?active=price_amazon&context=popular", "amazon_title": "DJI Mini 4 Pro (DJI RC 2), Folding Mini-Drone with 4K HDR Video Camera for Adults, Under 0.549 lbs/249 g, 34 Mins Flight Time, 20 km Max Video Transmission Distance, Omnidirectional Vision Sensing", "amazon_link": "https://www.amazon.com/dp/B0CFF1SJ3P", "img": "https://m.media-amazon.com/images/I/617rfzwf0fL.__AC_SX300_SY300_QL70_FMwebp_.jpg", "description": "Notes：\n* The actual product weight may vary due to differences in batch materials and external factors.\n** When used only with DJI Mini 4 Pro Intelligent Flight Battery, the aircraft weighs less than 249g. With the Intelligent Flight Battery Plus, the aircraft will weigh more than 249g. \n*** All data was tested using a production model DJI Mini 4 Pro in a controlled environment. Actual experience may vary depending on the environment, usage, and firmware version.\n**** All videos and images on this page were shot in strict compliance with relevant local laws and regulations. Demos are for reference only. Always observe local laws and regulations and ensure the aircraft has obtained relevant certifications before flying.\n\nDJI Mini 4 Pro comes in four purchasing options:\n-DJI Mini 4 Pro (DJI RC-N2) includes the drone, DJI RC-N2 remote controller, and more. A great choice for beginners.\n-DJI Mini 4 Pro (DJI RC 2) includes the drone, DJI RC 2 remote controller, one DJI Mini 4 Pro Intelligent Flight Battery, and more. Get precision control with DJI RC 2 featuring a bright screen.\n-DJI Mini 4 Pro Fly More Combo (DJI RC 2) includes an RC 2, three Batteries, a Charging Hub, and more! Fast charge multiple batteries simultaneously & fly longer.\n-DJI Mini 4 Pro Fly More Combo Plus (DJI RC 2) includes RC 2, three Batteries Plus, Charging Hub, and Shoulder Bag for enhanced flight time with fast, efficient charging and convenient transportation & storage. ", "features": "Under 249 g, No Registration Is Required[1] - Travel light and skip registration for a user-friendly, easy-to-carry experience on all your journeys. Enjoy the fun of flying without the tedious application process and waiting time.\nUnleash Stunning Vertical Videos in 4K/60fps HDR - Perfectly showcases sunrise, sunset, and night scenes with impressive clarity. Share videos instantly without the need for post-cutting. Enjoy high-quality footage straight out of the camera!\nOmnidirectional Obstacle Sensing for Enhanced Safety - With precise detection capabilities in all directions, you can fly with confidence, knowing that the drone will better detect obstacles. Worry less about collisions when flying, even first-time users!\nUninterrupted Flights with Extended Battery Life - Experience extended battery life for uninterrupted, longer flights[3]. Say goodbye to battery anxiety, let nothing hold you back as you explore vast landscapes.\nImmerse in Real-time Aerial Footage with 20km FHD Video Transmission[2] - An essential for long flights and great high-quality visuals. Experience lag-free image transmission, immersing yourself in real-time aerial views like never before.\nCustomize Intelligent Tracking with Ease - Take control of your drone's tracking trajectory with the new ActiveTrack 360°. Achieve complex and seamless operation effects. Even if you're a beginner, getting started and capturing smooth videos is effortless.\nIncludes DJI Mini 4 Pro, DJI RC 2, one 34 Mins Flight Time Battery, and more. Get precise control with DJI RC 2 featuring a bright screen. Monitor essential info in real time while flying the drone.\nNotes: The relevant regulatory requirements may vary depending on how you use your drone. For your safety, be sure to check and strictly follow the latest local laws and regulations before flying.", "lowest_price_date": "Nov 15, 2023", "lowest_price": "$959.00", "highest_price_date": "Nov 14, 2023", "highest_price": "$1,081.16", "current_price_date": "Nov 15, 2023"}]